Bee name,Bee family,Diet breadth,Reference
Ancylandrena atoposoma,Andrenidae,specialist,Fowler 2020b
Ancylandrena koebelei,Andrenidae,specialist,Fowler 2020b
Ancylandrena larreae,Andrenidae,specialist,Fowler 2020b
Ancylandrena rozeni,Andrenidae,specialist,Fowler 2020b
Ancylandrena timberlakei,Andrenidae,unknown,
Andrena accepta,Andrenidae,generalist,
Andrena aliciae,Andrenidae,specialist,Fowler and Droege 2020; Fowler 2020a; Fowler 2020b
Andrena alleghaniensis,Andrenidae,generalist,Sheffield et al. 2014; Wood & Roberts 2018; Wood et al. 2018
Andrena amphibola,Andrenidae,generalist,Sheffield et al. 2014
Andrena andrenoides,Andrenidae,specialist,Fowler and Droege 2020; Fowler 2020a; Fowler 2020b
Andrena anisochlora,Andrenidae,unknown,
Andrena anograe,Andrenidae,generalist,
Andrena arabis,Andrenidae,specialist,Fowler and Droege 2020; Fowler 2020a; Fowler 2020b
Andrena arenicola,Andrenidae,specialist,Fowler 2020a
Andrena asteris,Andrenidae,specialist,Fowler and Droege 2020; Fowler 2020a; Fowler 2020b
Andrena asteroides,Andrenidae,specialist,Fowler and Droege 2020; Fowler 2020a
Andrena astragali,Andrenidae,generalist,
Andrena atypica,Andrenidae,unknown,
Andrena auricoma,Andrenidae,unknown,
Andrena banksi,Andrenidae,generalist,Larkin et al. 2008
Andrena barbilabris,Andrenidae,generalist,Sheffield et al. 2014; Wood & Roberts 2018;  Wood & Roberts 2017; Wood et al. 2018; Chambers 1968; Bogusch et al. 2020; Westrich 2018
Andrena beameri,Andrenidae,specialist,Fowler 2020a
Andrena bisalicis,Andrenidae,specialist,Fowler and Droege 2020; Fowler 2020a
Andrena blennospermatis,Andrenidae,specialist,Fowler 2020b
Andrena braccata,Andrenidae,specialist,Fowler and Droege 2020
Andrena bradleyi,Andrenidae,specialist,Fowler and Droege 2020; Fowler 2020a; Fowler 2020b
Andrena bruneri,Andrenidae,unknown,
Andrena bucculenta,Andrenidae,specialist,Fowler 2020b
Andrena caerulea,Andrenidae,specialist,Fowler 2020b
Andrena caliginosa,Andrenidae,specialist,Fowler 2020b
Andrena canadensis,Andrenidae,specialist,Fowler and Droege 2020; Fowler 2020a; Fowler 2020b
Andrena carlini,Andrenidae,generalist,Sheffield et al. 2014; Wood & Roberts 2018; Larkin et al. 2008; Schrader & LaBerge 1978; Gibbs et al. 2017; Wood et al. 2018
Andrena carolina,Andrenidae,specialist,Fowler and Droege 2020; Fowler 2020a
Andrena ceanothi,Andrenidae,generalist,Wood & Roberts 2018; LaBerge 1973; Goldstein & Ascher 2016; Gibbs et al. 2017; Wood et al. 2018
Andrena cerasifolii,Andrenidae,unknown,
Andrena cerebrata,Andrenidae,unknown,
Andrena chalybaea,Andrenidae,specialist,Fowler 2020b
Andrena cheyennorum,Andrenidae,specialist,Fowler 2020a; Fowler 2020b
Andrena chlorosoma,Andrenidae,specialist,Fowler 2020b
Andrena chromotricha,Andrenidae,specialist,Fowler and Droege 2020; Fowler 2020a; Fowler 2020b
Andrena clarkella,Andrenidae,specialist,Fowler and Droege 2020; Fowler 2020a; Fowler 2020b
Andrena commoda,Andrenidae,generalist,Sheffield et al. 2014; Wood & Roberts 2018; Wood et al. 2018
Andrena crataegi,Andrenidae,generalist,Wood & Roberts 2018; Wood et al. 2018; Franzen & Larsson 2007
Andrena crawfordi,Andrenidae,specialist,Fowler 2020a
Andrena cressonii,Andrenidae,generalist,Sheffield et al. 2014; Wood & Roberts 2018; Larkin et al. 2008; Gibbs et al. 2017; Wood et al. 2018
Andrena cruciferarum,Andrenidae,unknown,
Andrena cuneilabris,Andrenidae,specialist,Fowler 2020a; Fowler 2020b
Andrena dimorpha,Andrenidae,unknown,
Andrena distans,Andrenidae,specialist,Fowler and Droege 2020; Fowler 2020a; Fowler 2020b
Andrena dolomellea,Andrenidae,generalist,Larkin et al. 2008
Andrena duboisi,Andrenidae,specialist,Fowler 2020b
Andrena dunningi,Andrenidae,generalist,Sheffield et al. 2014; Johnson 1984; Gibbs et al. 2017; Wood et al. 2018
Andrena duplicata,Andrenidae,specialist,Fowler and Droege 2020; Fowler 2020a
Andrena erigeniae,Andrenidae,specialist,Fowler and Droege 2020; Fowler 2020a
Andrena erythrogaster,Andrenidae,specialist,Fowler and Droege 2020; Fowler 2020a; Fowler 2020b
Andrena erythronii,Andrenidae,specialist,Fowler and Droege 2020; Fowler 2020a
Andrena faceta,Andrenidae,generalist,Larkin et al. 2008
Andrena fenningeri,Andrenidae,unknown,
Andrena forbesii,Andrenidae,generalist,Sheffield et al. 2014; Wood & Roberts 2018; Wood et al. 2018
Andrena fragilis,Andrenidae,specialist,Fowler and Droege 2020; Fowler 2020a; Fowler 2020b
Andrena frigida,Andrenidae,specialist,Fowler and Droege 2020; Fowler 2020a; Fowler 2020b
Andrena fulgida,Andrenidae,unknown,
Andrena gardineri,Andrenidae,specialist,Fowler and Droege 2020; Fowler 2020a; Fowler 2020b
Andrena geranii,Andrenidae,generalist,
Andrena hallii,Andrenidae,specialist,Parker & Tepedino 1982
Andrena helianthi,Andrenidae,generalist,
Andrena helianthiformis,Andrenidae,generalist,
Andrena heraclei,Andrenidae,unknown,
Andrena hippotes,Andrenidae,generalist,Sheffield et al. 2014; Wood & Roberts 2018; Wood et al. 2018
Andrena hirticincta,Andrenidae,specialist,Fowler and Droege 2020; Fowler 2020a; Fowler 2020b
Andrena ilicis,Andrenidae,unknown,
Andrena illinoiensis,Andrenidae,specialist,Fowler and Droege 2020; Fowler 2020a; Fowler 2020b
Andrena imitatrix,Andrenidae,generalist,Sheffield et al. 2014; Wood & Roberts 2018; Wood et al. 2018
Andrena integra,Andrenidae,specialist,Fowler and Droege 2020; Fowler 2020a
Andrena isocomae,Andrenidae,specialist,Fowler 2020b
Andrena kaibabensis,Andrenidae,unknown,
Andrena kalmiae,Andrenidae,specialist,Fowler and Droege 2020
Andrena krigiana,Andrenidae,specialist,Fowler and Droege 2020; Fowler 2020a
Andrena kristina,Andrenidae,specialist,Fowler 2020a; Fowler 2020b
Andrena lamelliterga,Andrenidae,specialist,Fowler and Droege 2020; Fowler 2020a
Andrena lativentris,Andrenidae,specialist,Fowler 2020b
Andrena lauracea,Andrenidae,unknown,
Andrena lawrencei,Andrenidae,generalist,Sheffield et al. 2014
Andrena linsleyana,Andrenidae,specialist,Fowler 2020b
Andrena macoupinensis,Andrenidae,specialist,Fowler and Droege 2020; Fowler 2020a; Fowler 2020b
Andrena mandibularis,Andrenidae,generalist,Wood & Roberts 2018; Gibbs et al. 2017; Wood et al. 2018
Andrena mariae,Andrenidae,specialist,Fowler and Droege 2020; Fowler 2020a; Fowler 2020b
Andrena medionitens,Andrenidae,generalist,Sheffield et al. 2014
Andrena melanochroa,Andrenidae,specialist,Fowler and Droege 2020; Fowler 2020a; Fowler 2020b
Andrena mellea,Andrenidae,generalist,Larkin et al. 2008
Andrena mendica,Andrenidae,unknown,
Andrena milwaukeensis,Andrenidae,generalist,Sheffield et al. 2014
Andrena miranda,Andrenidae,generalist,Sheffield et al. 2014; Wood & Roberts 2018; Larkin et al. 2008; Wood et al. 2018
Andrena miserabilis,Andrenidae,generalist,Wood & Roberts 2018; Larkin et al. 2008; Wood et al. 2018
Andrena monilicornis,Andrenidae,unknown,
Andrena morrisonella,Andrenidae,unknown,
Andrena nasonii,Andrenidae,generalist,Sheffield et al. 2014; Wood & Roberts 2018; Wood et al. 2018
Andrena nida,Andrenidae,specialist,Fowler and Droege 2020; Fowler 2020a
Andrena nigrae,Andrenidae,specialist,Fowler and Droege 2020; Fowler 2020a; Fowler 2020b
Andrena nigricula,Andrenidae,unknown,
Andrena nigrihirta,Andrenidae,generalist,Sheffield et al. 2014; Wood & Roberts 2018; LaBerge & Ribble 1975; Gibbs et al. 2017
Andrena nigripes,Andrenidae,specialist,Fowler 2020b
Andrena nigrocaerulea,Andrenidae,unknown,
Andrena nigroclypeata,Andrenidae,unknown,
Andrena nivalis,Andrenidae,generalist,Sheffield et al. 2014; Wood & Roberts 2018; Larkin et al. 2008; Cane et al. 1985; Wood et al. 2018
Andrena nothoscordi,Andrenidae,specialist,Fowler and Droege 2020; Fowler 2020a; Fowler 2020b
Andrena nubecula,Andrenidae,specialist,Fowler and Droege 2020; Fowler 2020a; Fowler 2020b
Andrena nuda,Andrenidae,generalist,Wood & Roberts 2018
Andrena pallidiscopa,Andrenidae,specialist,Fowler 2020a; Fowler 2020b
Andrena parnassiae,Andrenidae,specialist,Fowler and Droege 2020; Fowler 2020a
Andrena peckhami,Andrenidae,unknown,
Andrena pecosana,Andrenidae,specialist,Fowler 2020a; Fowler 2020b
Andrena perimelas,Andrenidae,unknown,
Andrena perplexa,Andrenidae,generalist,Wood & Roberts 2018; Larkin et al. 2008
Andrena persimulata,Andrenidae,specialist,Fowler and Droege 2020; Fowler 2020a; Fowler 2020b
Andrena personata,Andrenidae,specialist,Ribble 1968; Gibbs et al. 2017
Andrena pertristis,Andrenidae,unknown,
Andrena phaceliae,Andrenidae,specialist,Fowler and Droege 2020; Fowler 2020a
Andrena piperi,Andrenidae,specialist,Fowler 2020a; Fowler 2020b
Andrena placata,Andrenidae,specialist,Fowler and Droege 2020; Fowler 2020a
Andrena platyparia,Andrenidae,specialist,Fowler and Droege 2020; Fowler 2020a; Fowler 2020b
Andrena plebeia,Andrenidae,unknown,
Andrena polemonii,Andrenidae,specialist,Fowler and Droege 2020; Fowler 2020a
Andrena primulifrons,Andrenidae,specialist,Fowler 2020a; Fowler 2020b
Andrena principalis,Andrenidae,specialist,Fowler 2020b
Andrena pruni,Andrenidae,generalist,Wood et al. 2018
Andrena prunorum,Andrenidae,generalist,Sheffield et al. 2014
Andrena pulverea,Andrenidae,generalist,
Andrena puthua,Andrenidae,specialist,Fowler 2020b
Andrena quintilis,Andrenidae,specialist,Sheffield et al. 2014
Andrena ramaleyi,Andrenidae,specialist,Fowler 2020a; Fowler 2020b
Andrena regularis,Andrenidae,generalist,Sheffield et al. 2014
Andrena rehni,Andrenidae,specialist,Fowler and Droege 2020; Fowler 2020a
Andrena robertsonii,Andrenidae,generalist,Wood & Roberts 2018
Andrena rubi,Andrenidae,unknown,
Andrena rudbeckiae,Andrenidae,specialist,Fowler and Droege 2020; Fowler 2020a; Fowler 2020b
Andrena rufosignata,Andrenidae,generalist,Sheffield et al. 2014; Wood & Roberts 2018
Andrena rugosa,Andrenidae,generalist,Wood & Roberts 2018
Andrena sagittagalea,Andrenidae,specialist,Larkin et al. 2008
Andrena salictaria,Andrenidae,specialist,Fowler and Droege 2020; Fowler 2020a; Fowler 2020b
Andrena sayi,Andrenidae,unknown,
Andrena scurra,Andrenidae,specialist,Fowler 2020a; Fowler 2020b
Andrena sigmundi,Andrenidae,specialist,Fowler and Droege 2020; Fowler 2020a; Fowler 2020b
Andrena simplex,Andrenidae,specialist,Fowler and Droege 2020; Fowler 2020a
Andrena sitiliae,Andrenidae,specialist,Fowler 2020a
Andrena sola,Andrenidae,unknown,
Andrena sphaeralceae,Andrenidae,specialist,Fowler 2020b
Andrena spiraeana,Andrenidae,generalist,Wood & Roberts 2018; Linsley 1958
Andrena suavis,Andrenidae,specialist,Fowler 2020b
Andrena subchalybea,Andrenidae,specialist,Fowler 2020b
Andrena surda,Andrenidae,specialist,Fowler 2020a; Fowler 2020b
Andrena tegularis,Andrenidae,specialist,Fowler 2020b
Andrena thaspii,Andrenidae,generalist,Sheffield et al. 2014; Wood & Roberts 2018
Andrena torulosa,Andrenidae,specialist,Fowler 2020b
Andrena transnigra,Andrenidae,generalist,Sheffield et al. 2014
Andrena trapezoidea,Andrenidae,specialist,Fowler 2020a
Andrena trevoris,Andrenidae,unknown,
Andrena tridens,Andrenidae,specialist,LaBerge 1980; Gibbs et al. 2017
Andrena unicostata,Andrenidae,unknown,
Andrena utahensis,Andrenidae,specialist,Fowler 2020b
Andrena vicina,Andrenidae,generalist,Sheffield et al. 2014; Wood & Roberts 2018
Andrena vicinoides,Andrenidae,generalist,Sheffield et al. 2014; Larkin et al. 2008
Andrena violae,Andrenidae,specialist,Fowler and Droege 2020; Fowler 2020a; Fowler 2020b
Andrena virginiana,Andrenidae,generalist,Wood & Roberts 2018; LaBerge 1973; Gibbs et al. 2017
Andrena w-scripta,Andrenidae,generalist,Sheffield et al. 2014; Wood & Roberts 2018
Andrena walleyi,Andrenidae,unknown,
Andrena wellesleyana,Andrenidae,specialist,Fowler and Droege 2020; Fowler 2020a; Fowler 2020b
Andrena wheeleri,Andrenidae,generalist,Sheffield et al. 2014
Andrena wilmattae,Andrenidae,specialist,Wood et al. 2018; Sheffield et al. 2014
Andrena zionensis,Andrenidae,unknown,
Andrena ziziae,Andrenidae,specialist,Fowler and Droege 2020; Fowler 2020a; Fowler 2020b
Andrena ziziaeformis,Andrenidae,specialist,Fowler and Droege 2020; Fowler 2020a; Fowler 2020b
Calliopsis andreniformis,Andrenidae,specialist,Sheffield et al. 2014; Shinn 1967; Gibbs et al. 2017
Calliopsis coloradensis,Andrenidae,specialist,Fowler and Droege 2020; Fowler 2020a; Fowler 2020b
Calliopsis empelia,Andrenidae,specialist,Fowler 2020b
Calliopsis hesperia,Andrenidae,specialist,Fowler 2020b
Calliopsis hondurasica,Andrenidae,specialist,Heithaus 1979
Calliopsis macswaini,Andrenidae,specialist,Fowler 2020b
Calliopsis micheneri,Andrenidae,specialist,Fowler 2020a; Fowler 2020b
Calliopsis nebraskensis,Andrenidae,specialist,Fowler and Droege 2020; Fowler 2020a
Calliopsis obscurella,Andrenidae,specialist,Fowler 2020b
Calliopsis philiphunteri,Andrenidae,specialist,Fowler 2020a; Fowler 2020b
Calliopsis puellae,Andrenidae,specialist,Fowler 2020a; Fowler 2020b
Calliopsis rhodophila,Andrenidae,specialist,Fowler 2020b
Calliopsis scutellaris,Andrenidae,unknown,
Calliopsis sonora,Andrenidae,unknown,
Calliopsis subalpina,Andrenidae,specialist,Fowler 2020a; Fowler 2020b
Calliopsis verbenae,Andrenidae,specialist,Fowler 2020a; Fowler 2020b
Calliopsis zebrata,Andrenidae,specialist,Fowler 2020a; Fowler 2020b
Calliopsis zonalis,Andrenidae,specialist,Fowler 2020a; Fowler 2020b
Macrotera arcuata,Andrenidae,specialist,Fowler 2020b
Macrotera carinata,Andrenidae,unknown,
Macrotera echinocacti,Andrenidae,unknown,
Macrotera latior,Andrenidae,specialist,Fowler 2020a; Fowler 2020b
Macrotera lobata,Andrenidae,unknown,
Macrotera magniceps,Andrenidae,specialist,Fowler 2020a; Fowler 2020b
Macrotera mellea,Andrenidae,specialist,Fowler 2020a; Fowler 2020b
Macrotera mortuaria,Andrenidae,unknown,
Macrotera opacella,Andrenidae,unknown,
Macrotera opuntiae,Andrenidae,specialist,Fowler 2020a; Fowler 2020b
Macrotera portalis,Andrenidae,specialist,Fowler 2020a; Fowler 2020b
Macrotera texana,Andrenidae,specialist,Fowler 2020a; Fowler 2020b
Megandrena enceliae,Andrenidae,specialist,Fowler 2020b
Mesoxaea rufescens,Andrenidae,unknown,
Panurginus cressoniellus,Andrenidae,specialist,Fowler 2020b
Panurginus emarginatus,Andrenidae,unknown,
Panurginus gracilis,Andrenidae,unknown,
Panurginus nigrellus,Andrenidae,unknown,
Panurginus nigrihirtus,Andrenidae,specialist,Fowler 2020a; Fowler 2020b
Panurginus occidentalis,Andrenidae,generalist,
Perdita albipennis,Andrenidae,specialist,Fowler and Droege 2020; Fowler 2020a; Fowler 2020b
Perdita albonotata,Andrenidae,specialist,Fowler 2020b
Perdita amoena,Andrenidae,specialist,Portman & Tepedino 2017
Perdita ashmeadi,Andrenidae,specialist,Fowler 2020a; Fowler 2020b
Perdita bequaerti,Andrenidae,generalist,
Perdita bishoppi,Andrenidae,specialist,Fowler and Droege 2020; Fowler 2020a; Fowler 2020b
Perdita blatchleyi,Andrenidae,specialist,Fowler and Droege 2020
Perdita boltoniae,Andrenidae,specialist,Fowler and Droege 2020; Fowler 2020a
Perdita brevihirta,Andrenidae,specialist,Fowler 2020b
Perdita butleri,Andrenidae,specialist,Fowler 2020b
Perdita californica,Andrenidae,specialist,Fowler 2020b
Perdita calloleuca,Andrenidae,unknown,
Perdita calochorti,Andrenidae,specialist,Fowler 2020b
Perdita cephalotes,Andrenidae,specialist,Fowler 2020b
Perdita chamaesarachae,Andrenidae,specialist,Fowler 2020b
Perdita claypolei,Andrenidae,specialist,Fowler 2020b
Perdita cleomellae,Andrenidae,unknown,
Perdita coreopsidis,Andrenidae,specialist,Fowler 2020a; Fowler 2020b
Perdita crandalli,Andrenidae,specialist,Fowler 2020b
Perdita crassula,Andrenidae,specialist,Fowler 2020b
Perdita croceipes,Andrenidae,specialist,Fowler 2020b
Perdita crotonis,Andrenidae,specialist,Fowler 2020a; Fowler 2020b
Perdita dasylirii,Andrenidae,unknown,
Perdita depressa,Andrenidae,specialist,Fowler 2020b
Perdita difficilis,Andrenidae,specialist,Fowler 2020a; Fowler 2020b
Perdita diversa,Andrenidae,generalist,
Perdita dolanensis,Andrenidae,specialist,Fowler 2020a
Perdita dubia,Andrenidae,specialist,Fowler 2020b
Perdita duplonotata,Andrenidae,specialist,Portman & Tepedino 2017
Perdita electa,Andrenidae,generalist,
Perdita exclamans,Andrenidae,specialist,Fowler 2020a; Fowler 2020b
Perdita festiva,Andrenidae,specialist,Fowler 2020b
Perdita floridensis,Andrenidae,specialist,Fowler and Droege 2020
Perdita florissantella,Andrenidae,specialist,Fowler 2020b
Perdita gerhardi,Andrenidae,specialist,Fowler and Droege 2020; Fowler 2020a
Perdita glabrescens,Andrenidae,unknown,
Perdita graenicheri,Andrenidae,specialist,Fowler and Droege 2020
Perdita halictoides,Andrenidae,specialist,Fowler and Droege 2020; Fowler 2020a; Fowler 2020b
Perdita heterothecae,Andrenidae,specialist,Fowler 2020b
Perdita hippolyta,Andrenidae,specialist,Fowler 2020a; Fowler 2020b
Perdita holoxantha,Andrenidae,specialist,Fowler 2020b
Perdita hooki,Andrenidae,specialist,Fowler 2020a
Perdita hurdi,Andrenidae,specialist,Fowler 2020b
Perdita idonea,Andrenidae,specialist,Fowler 2020b
Perdita ignota,Andrenidae,specialist,Fowler and Droege 2020; Fowler 2020a; Fowler 2020b
Perdita imbellis,Andrenidae,specialist,Fowler 2020b
Perdita interrupta,Andrenidae,specialist,Fowler 2020b
Perdita jucunda,Andrenidae,specialist,Fowler 2020b
Perdita knowltoni,Andrenidae,specialist,Fowler 2020b
Perdita labergei,Andrenidae,specialist,Fowler 2020a; Fowler 2020b
Perdita layiae,Andrenidae,specialist,Fowler 2020b
Perdita lenis,Andrenidae,specialist,Fowler 2020a; Fowler 2020b
Perdita lepidosparti,Andrenidae,specialist,Fowler 2020b
Perdita lingualis,Andrenidae,specialist,Fowler 2020a; Fowler 2020b
Perdita luteola,Andrenidae,specialist,Fowler 2020a; Fowler 2020b
Perdita martini,Andrenidae,unknown,
Perdita meconis,Andrenidae,specialist,Fowler 2020b
Perdita mentzeliarum,Andrenidae,specialist,Fowler 2020a; Fowler 2020b
Perdita mesillensis,Andrenidae,specialist,Fowler 2020b
Perdita mimosae,Andrenidae,unknown,
Perdita minima,Andrenidae,specialist,Fowler 2020a; Fowler 2020b
Perdita missionis,Andrenidae,unknown,
Perdita moabensis,Andrenidae,specialist,Portman & Tepedino 2017
Perdita mormonica,Andrenidae,unknown,
Perdita morula,Andrenidae,specialist,Portman & Tepedino 2017
Perdita mucronata,Andrenidae,specialist,Fowler 2020b
Perdita munda,Andrenidae,specialist,Fowler 2020b
Perdita nasuta,Andrenidae,specialist,Fowler 2020a; Fowler 2020b
Perdita nuda,Andrenidae,specialist,Fowler 2020b
Perdita octomaculata,Andrenidae,specialist,Fowler and Droege 2020; Fowler 2020a; Fowler 2020b
Perdita pectidis,Andrenidae,specialist,Portman & Tepedino 2017
Perdita pedernalensis,Andrenidae,specialist,Fowler 2020a
Perdita perpallida,Andrenidae,generalist,
Perdita perpulchra,Andrenidae,specialist,Fowler 2020a; Fowler 2020b
Perdita phymatae,Andrenidae,specialist,Fowler 2020a; Fowler 2020b
Perdita pilonotata,Andrenidae,specialist,Fowler 2020a; Fowler 2020b
Perdita polygonellae,Andrenidae,specialist,Fowler and Droege 2020
Perdita polytropica,Andrenidae,unknown,
Perdita punctifera,Andrenidae,specialist,Fowler 2020b
Perdita punctosignata,Andrenidae,specialist,Fowler 2020a; Fowler 2020b
Perdita rhois,Andrenidae,specialist,Fowler 2020b
Perdita robustula,Andrenidae,specialist,Fowler 2020b
Perdita salicis,Andrenidae,specialist,Fowler 2020b
Perdita sexmaculata,Andrenidae,specialist,Portman & Tepedino 2017
Perdita similis,Andrenidae,specialist,Fowler 2020b
Perdita sonorensis,Andrenidae,specialist,Fowler 2020b
Perdita sphaeralceae,Andrenidae,specialist,Fowler 2020a; Fowler 2020b
Perdita stathamae,Andrenidae,specialist,Fowler 2020a; Fowler 2020b
Perdita stottleri,Andrenidae,specialist,Fowler 2020b
Perdita subfasciata,Andrenidae,specialist,Fowler 2020b
Perdita swenki,Andrenidae,specialist,Fowler and Droege 2020; Fowler 2020a; Fowler 2020b
Perdita tortifoliae,Andrenidae,specialist,Fowler 2020b
Perdita triangulifera,Andrenidae,specialist,Fowler 2020a; Fowler 2020b
Perdita trisignata,Andrenidae,specialist,Fowler 2020b
Perdita verbesinae,Andrenidae,specialist,Fowler 2020a; Fowler 2020b
Perdita vestita,Andrenidae,unknown,
Perdita wilmattae,Andrenidae,specialist,Fowler 2020b
Perdita xanthochroa,Andrenidae,specialist,Fowler 2020b
Perdita xerophila,Andrenidae,specialist,Fowler 2020b
Perdita yosemitensis,Andrenidae,specialist,Fowler 2020b
Perdita zebrata,Andrenidae,specialist,Fowler 2020a; Fowler 2020b
Protandrena abdominalis,Andrenidae,specialist,Fowler and Droege 2020; Fowler 2020a; Fowler 2020b
Protandrena bancrofti,Andrenidae,unknown,
Protandrena cockerelli,Andrenidae,unknown,
Protandrena mexicanorum,Andrenidae,specialist,Buchmann & Cane 1989; Portman et al. 2019
Protandrena sphaeralceae,Andrenidae,unknown,
Protandrena tidestromiae,Andrenidae,specialist,Fowler 2020b
Protandrena verbesinae,Andrenidae,specialist,Fowler 2020a; Fowler 2020b
Protoxaea gloriosa,Andrenidae,specialist,Cazier & Linsley 1974; Portman et al. 2019
Pseudopanurgus aethiops,Andrenidae,specialist,Fowler 2020a; Fowler 2020b
Pseudopanurgus albitarsis,Andrenidae,specialist,Fowler and Droege 2020; Fowler 2020a; Fowler 2020b
Pseudopanurgus andrenoides,Andrenidae,specialist,Fowler and Droege 2020; Fowler 2020a
Pseudopanurgus arizonicus,Andrenidae,unknown,
Pseudopanurgus cazieri,Andrenidae,unknown,
Pseudopanurgus compositarum,Andrenidae,specialist,Fowler and Droege 2020; Fowler 2020a
Pseudopanurgus fraterculus,Andrenidae,specialist,Fowler 2020a; Fowler 2020b
Pseudopanurgus labrosus,Andrenidae,specialist,Fowler and Droege 2020; Fowler 2020a
Pseudopanurgus passiflorae,Andrenidae,specialist,Fowler and Droege 2020; Fowler 2020a
Pseudopanurgus rugosus,Andrenidae,specialist,Fowler and Droege 2020; Fowler 2020a; Fowler 2020b
Pseudopanurgus solidaginis,Andrenidae,specialist,Fowler and Droege 2020; Fowler 2020a
Pseudopanurgus townsendi,Andrenidae,unknown,
Ancyloscelis apiformis,Apidae,generalist,
Ancyloscelis sejunctus,Apidae,specialist,Fowler 2020a; Fowler 2020b
Anthophora abrupta,Apidae,unknown,
Anthophora bomboides,Apidae,generalist,Sheffield et al. 2014
Anthophora californica,Apidae,unknown,
Anthophora capistrata,Apidae,unknown,
Anthophora centriformis,Apidae,unknown,
Anthophora curta,Apidae,specialist,Fowler 2020a; Fowler 2020b
Anthophora dammersi,Apidae,unknown,
Anthophora edwardsii,Apidae,unknown,
Anthophora hololeuca,Apidae,specialist,Fowler 2020b
Anthophora maculifrons,Apidae,specialist,Fowler 2020b
Anthophora marginata,Apidae,unknown,
Anthophora montana,Apidae,unknown,
Anthophora neglecta,Apidae,unknown,
Anthophora occidentalis,Apidae,generalist,Sheffield et al. 2014
Anthophora pacifica,Apidae,unknown,
Anthophora peritomae,Apidae,specialist,Sheffield et al. 2014
Anthophora pueblo,Apidae,unknown,
Anthophora rhodothorax,Apidae,unknown,
Anthophora terminalis,Apidae,specialist,Sheffield et al. 2014; Bogusch et al. 2020
Anthophora urbana,Apidae,unknown,
Anthophora ursina,Apidae,generalist,Sheffield et al. 2014
Anthophora walshii,Apidae,generalist,Sheffield et al. 2014
Anthophorula albata,Apidae,unknown,
Anthophorula asteris,Apidae,specialist,Fowler and Droege 2020; Fowler 2020a
Anthophorula chionura,Apidae,unknown,
Anthophorula chlorina,Apidae,unknown,
Anthophorula compactula,Apidae,unknown,
Anthophorula completa,Apidae,unknown,
Anthophorula consobrina,Apidae,unknown,
Anthophorula crenulata,Apidae,unknown,
Anthophorula euphorbiae,Apidae,specialist,Fowler 2020b
Anthophorula gutierreziae,Apidae,unknown,
Anthophorula micheneri,Apidae,specialist,Fowler and Droege 2020; Fowler 2020a
Anthophorula nitens,Apidae,unknown,
Anthophorula palmarum,Apidae,unknown,
Anthophorula parva,Apidae,unknown,
Anthophorula rufiventris,Apidae,unknown,
Anthophorula sidae,Apidae,unknown,
Anthophorula torticornis,Apidae,unknown,
Biastes cressoni,Apidae,parasitic,Michener 2007
Biastes mojavensis,Apidae,parasitic,Michener 2007
Bombus affinis,Apidae,generalist,Wood et al. 2021
Bombus appositus,Apidae,generalist,Sheffield et al. 2014
Bombus ashtoni,Apidae,unknown,
Bombus auricomus,Apidae,generalist,Sheffield et al. 2014; Wood et al. 2019; Wood et al. 2021
Bombus bifarius,Apidae,generalist,Sheffield et al. 2014
Bombus bimaculatus,Apidae,generalist,Sheffield et al. 2014; Wood et al. 2021
Bombus borealis,Apidae,generalist,Sheffield et al. 2014; Wood et al. 2021
Bombus californicus,Apidae,unknown,
Bombus caliginosus,Apidae,unknown,
Bombus centralis,Apidae,generalist,Sheffield et al. 2014
Bombus citrinus,Apidae,parasitic,Michener 2007
Bombus crotchii,Apidae,unknown,
Bombus fernaldae,Apidae,unknown,
Bombus fervidus,Apidae,generalist,Sheffield et al. 2014; Wood et al. 2021; Knee & Moeller 1967
Bombus flavifrons,Apidae,generalist,Sheffield et al. 2014
Bombus fraternus,Apidae,unknown,
Bombus frigidus,Apidae,generalist,Sheffield et al. 2014
Bombus griseocollis,Apidae,generalist,Sheffield et al. 2014; Wood et al. 2021; Knee & Moeller 1967
Bombus huntii,Apidae,generalist,Sheffield et al. 2014
Bombus impatiens,Apidae,generalist,Wood et al. 2019; Vaudo et al. 2016; Wood et al. 2021
Bombus insularis,Apidae,parasitic,Michener 2007
Bombus kirbiellus,Apidae,generalist,Gibbs et al. 2023
Bombus melanopygus,Apidae,generalist,Gibbs et al. 2023
Bombus mixtus,Apidae,generalist,Sheffield et al. 2014
Bombus morrisoni,Apidae,unknown,
Bombus nevadensis,Apidae,generalist,Sheffield et al. 2014; Knee & Moeller 1967
Bombus occidentalis,Apidae,generalist,Sheffield et al. 2014
Bombus pensylvanicus,Apidae,generalist,Sheffield et al. 2014; Wood et al. 2021; Knee & Moeller 1967
Bombus perplexus,Apidae,generalist,Sheffield et al. 2014; Wood et al. 2021
Bombus rufocinctus,Apidae,generalist,Sheffield et al. 2014; Wood et al. 2021
Bombus sandersoni,Apidae,generalist,Sheffield et al. 2014
Bombus sitkensis,Apidae,generalist,Sheffield et al. 2014
Bombus sonorus,Apidae,generalist,Shelly et al. 1991
Bombus sylvicola,Apidae,generalist,Sheffield et al. 2014
Bombus ternarius,Apidae,generalist,Sheffield et al. 2014; Wood et al. 2021
Bombus terricola,Apidae,generalist,Sheffield et al. 2014; Wood et al. 2021; Edens-Meier 2013; Heinrich 1972; Portman et al. 2019; Wood et al. 2021
Bombus vagans,Apidae,generalist,Sheffield et al. 2014; Wood et al. 2021; Edens-Meier 2013
Bombus vancouverensis,Apidae,generalist,Gibbs et al. 2023
Bombus vandykei,Apidae,unknown,
Bombus variabilis,Apidae,parasitic,Michener 2007
Bombus vosnesenskii,Apidae,generalist,Jha et al. 2013
Brachymelecta californica,Apidae,parasitic,Michener 2007
Brachymelecta interrupta,Apidae,parasitic,Michener 2007
Brachynomada margaretae,Apidae,parasitic,Michener 2007
Brachynomada melanantha,Apidae,parasitic,Michener 2007
Cemolobus ipomoeae,Apidae,specialist,Fowler and Droege 2020; Fowler 2020a; Fowler 2020b
Centris decolorata,Apidae,specialist,Harter et al. 2002
Centris errans,Apidae,unknown,
Centris lanosa,Apidae,unknown,
Centris mexicana,Apidae,unknown,
Centris nitida,Apidae,generalist,Quiroz-Garcia et al. 2001
Centris rhodopus,Apidae,unknown,
Ceratina acantha,Apidae,unknown,
Ceratina arizonensis,Apidae,unknown,
Ceratina calcarata,Apidae,generalist,Sheffield et al. 2014
Ceratina cockerelli,Apidae,unknown,
Ceratina diodonta,Apidae,unknown,
Ceratina dupla,Apidae,generalist,Sheffield et al. 2014
Ceratina melanoptera,Apidae,unknown,
Ceratina micheneri,Apidae,unknown,
Ceratina neomexicana,Apidae,unknown,
Ceratina pacifica,Apidae,unknown,
Ceratina strenua,Apidae,generalist,Wood et al. 2018
Ceratina tejonensis,Apidae,unknown,
Ceratina timberlakei,Apidae,unknown,
Diadasia afflicta,Apidae,specialist,Fowler and Droege 2020; Fowler 2020a; Fowler 2020b
Diadasia afflictula,Apidae,specialist,Fowler 2020a; Fowler 2020b
Diadasia angusticeps,Apidae,specialist,Fowler 2020b
Diadasia australis,Apidae,specialist,Fowler 2020a; Fowler 2020b
Diadasia bituberculata,Apidae,specialist,Fowler 2020b
Diadasia consociata,Apidae,specialist,Fowler 2020b
Diadasia diminuta,Apidae,specialist,Fowler 2020a; Fowler 2020b
Diadasia enavata,Apidae,specialist,Fowler 2020a; Fowler 2020b
Diadasia lutzi,Apidae,specialist,Fowler 2020a; Fowler 2020b
Diadasia martialis,Apidae,specialist,Fowler 2020b
Diadasia megamorpha,Apidae,specialist,Fowler 2020a; Fowler 2020b
Diadasia nigrifrons,Apidae,specialist,Fowler 2020b
Diadasia nitidifrons,Apidae,specialist,Fowler 2020b
Diadasia ochracea,Apidae,specialist,Fowler 2020a; Fowler 2020b
Diadasia opuntiae,Apidae,specialist,Fowler 2020b
Diadasia piercei,Apidae,specialist,Fowler 2020a; Fowler 2020b
Diadasia rinconis,Apidae,generalist,
Diadasia sphaeralcearum,Apidae,specialist,Fowler 2020a; Fowler 2020b
Diadasia tropicalis,Apidae,unknown,
Diadasia vallicola,Apidae,specialist,Fowler 2020a; Fowler 2020b
Epeoloides pilosulus,Apidae,parasitic,Michener 2007
Epeolus ainsliei,Apidae,parasitic,Michener 2007
Epeolus americanus,Apidae,parasitic,Michener 2007
Epeolus asperatus,Apidae,parasitic,Michener 2007
Epeolus australis,Apidae,parasitic,Michener 2007
Epeolus autumnalis,Apidae,parasitic,Michener 2007
Epeolus axillaris,Apidae,parasitic,Michener 2007
Epeolus bifasciatus,Apidae,parasitic,Michener 2007
Epeolus brumleyi,Apidae,parasitic,Michener 2007
Epeolus carolinus,Apidae,parasitic,Michener 2007
Epeolus chamaesarachae,Apidae,parasitic,Michener 2007
Epeolus compactus,Apidae,parasitic,Michener 2007
Epeolus erigeronis,Apidae,parasitic,Michener 2007
Epeolus flavofasciatus,Apidae,parasitic,Michener 2007
Epeolus floridensis,Apidae,parasitic,Michener 2007
Epeolus glabratus,Apidae,parasitic,Michener 2007
Epeolus howardi,Apidae,parasitic,Michener 2007
Epeolus interruptus,Apidae,parasitic,Michener 2007
Epeolus lectoides,Apidae,parasitic,Michener 2007
Epeolus lectus,Apidae,parasitic,Michener 2007
Epeolus minimus,Apidae,parasitic,Michener 2007
Epeolus olympiellus,Apidae,parasitic,Michener 2007
Epeolus pusillus,Apidae,parasitic,Michener 2007
Epeolus scutellaris,Apidae,parasitic,Michener 2007
Epeolus splendidus,Apidae,parasitic,Michener 2007
Epeolus zonatus,Apidae,parasitic,Michener 2007
Ericrocis lata,Apidae,parasitic,Michener 2007
Ericrocis pintada,Apidae,parasitic,Michener 2007
Eucera acerba,Apidae,specialist,Fowler 2020b
Eucera actuosa,Apidae,unknown,
Eucera aragalli,Apidae,unknown,
Eucera belfragei,Apidae,unknown,
Eucera conformis,Apidae,unknown,
Eucera cordleyi,Apidae,unknown,
Eucera dubitata,Apidae,unknown,
Eucera edwardsii,Apidae,unknown,
Eucera frater,Apidae,generalist,Sheffield et al. 2014
Eucera fulvitarsis,Apidae,generalist,Sheffield et al. 2014
Eucera lunata,Apidae,unknown,
Eucera mohavensis,Apidae,unknown,
Eucera phaceliae,Apidae,unknown,
Eucera quadricincta,Apidae,unknown,
Eucera rosae,Apidae,unknown,
Eucera speciosa,Apidae,specialist,Sheffield et al. 2014
Eucera stretchii,Apidae,unknown,
Eucera territella,Apidae,unknown,
Eucera virgata,Apidae,unknown,
Exomalopsis analis,Apidae,unknown,
Exomalopsis mellipes,Apidae,unknown,
Florilegus condignus,Apidae,generalist,Fowler and Droege 2020; Fowler 2020a; Fowler 2020b
Gaesischia exul,Apidae,unknown,
Habropoda cineraria,Apidae,generalist,Sheffield et al. 2014
Habropoda depressa,Apidae,unknown,
Habropoda excellens,Apidae,unknown,
Habropoda laboriosa,Apidae,generalist,Fowler and Droege 2020; Fowler 2020a; Fowler 2020b
Habropoda miserabilis,Apidae,unknown,
Habropoda salviarum,Apidae,unknown,
Habropoda tristissima,Apidae,unknown,
Hexepeolus rhodogyne,Apidae,parasitic,Michener 2007
Holcopasites calliopsidis,Apidae,parasitic,Michener 2007
Holcopasites heliopsis,Apidae,parasitic,Michener 2007
Holcopasites illinoiensis,Apidae,parasitic,Michener 2007
Leiopodus singularis,Apidae,parasitic,Michener 2007
Martinapis luteicornis,Apidae,unknown,
Martinapis occidentalis,Apidae,unknown,
Melecta alexanderi,Apidae,parasitic,Michener 2007
Melecta bohartorum,Apidae,parasitic,Michener 2007
Melecta edwardsii,Apidae,parasitic,Michener 2007
Melecta pacifica,Apidae,parasitic,Michener 2007
Melecta separata,Apidae,parasitic,Michener 2007
Melecta thoracica,Apidae,parasitic,Michener 2007
Melissodes agilis,Apidae,generalist,
Melissodes apicatus,Apidae,specialist,Fowler and Droege 2020; Fowler 2020a
Melissodes bicoloratus,Apidae,specialist,Fowler 2020b
Melissodes bimaculatus,Apidae,generalist,Terrell & Batra 1984; Gibbs et al. 2017
Melissodes boltoniae,Apidae,specialist,Fowler and Droege 2020; Fowler 2020a
Melissodes coloradensis,Apidae,specialist,Fowler 2020a; Fowler 2020b
Melissodes communis,Apidae,generalist,Gibbs et al. 2017
Melissodes compositus,Apidae,specialist,Fowler 2020b
Melissodes comptoides,Apidae,unknown,
Melissodes confusus,Apidae,specialist,Fowler 2020a; Fowler 2020b
Melissodes coreopsis,Apidae,specialist,Fowler 2020a; Fowler 2020b
Melissodes dagosus,Apidae,unknown,
Melissodes denticulatus,Apidae,specialist,Fowler and Droege 2020; Fowler 2020a
Melissodes dentiventris,Apidae,specialist,Fowler and Droege 2020; Fowler 2020a
Melissodes desponsus,Apidae,specialist,Fowler and Droege 2020; Fowler 2020a; Fowler 2020b
Melissodes druriellus,Apidae,specialist,Fowler and Droege 2020; Fowler 2020a; Fowler 2020b
Melissodes fumosus,Apidae,specialist,Fowler and Droege 2020; Fowler 2020a
Melissodes gelidus,Apidae,specialist,Fowler 2020a; Fowler 2020b
Melissodes illatus,Apidae,specialist,Fowler and Droege 2020; Fowler 2020a; Fowler 2020b
Melissodes intortus,Apidae,specialist,Fowler 2020a
Melissodes lupinus,Apidae,specialist,Fowler 2020a; Fowler 2020b
Melissodes lutulentus,Apidae,specialist,Fowler 2020a; Fowler 2020b
Melissodes menuachus,Apidae,specialist,Fowler 2020a; Fowler 2020b
Melissodes microstictus,Apidae,specialist,Fowler 2020a; Fowler 2020b
Melissodes montanus,Apidae,specialist,Fowler 2020a; Fowler 2020b
Melissodes niveus,Apidae,specialist,Fowler and Droege 2020; Fowler 2020a
Melissodes pallidisignatus,Apidae,specialist,Fowler 2020a; Fowler 2020b
Melissodes paroselae,Apidae,unknown,
Melissodes perlusus,Apidae,specialist,Fowler 2020a; Fowler 2020b
Melissodes rivalis,Apidae,specialist,Fowler 2020a; Fowler 2020b
Melissodes robustior,Apidae,generalist,Cockerell 1915; Fowler & Droege 2020
Melissodes saponellus,Apidae,specialist,Fowler 2020a; Fowler 2020b
Melissodes snowii,Apidae,specialist,Fowler 2020a; Fowler 2020b
Melissodes sphaeralceae,Apidae,unknown,
Melissodes stearnsi,Apidae,unknown,
Melissodes subagilis,Apidae,specialist,Fowler 2020a; Fowler 2020b
Melissodes subillatus,Apidae,specialist,Fowler and Droege 2020; Fowler 2020a
Melissodes submenuacha,Apidae,specialist,Fowler 2020a; Fowler 2020b
Melissodes tepaneca,Apidae,generalist,Cusser et al. 2019; Ritchie et al. 2016
Melissodes tepidus,Apidae,unknown,
Melissodes tessellatus,Apidae,unknown,
Melissodes thelypodii,Apidae,unknown,
Melissodes trinodis,Apidae,specialist,Fowler and Droege 2020; Fowler 2020a; Fowler 2020b
Melissodes utahensis,Apidae,specialist,Fowler 2020a; Fowler 2020b
Melissodes vernoniae,Apidae,specialist,Fowler 2020a; Fowler 2020b
Melissodes wheeleri,Apidae,specialist,Fowler 2020a; Fowler 2020b
Melissoptila otomita,Apidae,unknown,
Melitoma grisella,Apidae,specialist,Fowler 2020a; Fowler 2020b
Melitoma marginella,Apidae,specialist,Fowler 2020a
Melitoma taurea,Apidae,specialist,Fowler and Droege 2020; Fowler 2020a
Neolarra batrae,Apidae,parasitic,Michener 2007
Neolarra californica,Apidae,parasitic,Michener 2007
Neolarra cockerelli,Apidae,parasitic,Michener 2007
Neolarra penicula,Apidae,parasitic,Michener 2007
Neolarra pruinosa,Apidae,parasitic,Michener 2007
Neolarra rozeni,Apidae,parasitic,Michener 2007
Neolarra verbesinae,Apidae,parasitic,Michener 2007
Neolarra vigilans,Apidae,parasitic,Michener 2007
Nomada affabilis,Apidae,parasitic,Michener 2007
Nomada aquilarum,Apidae,parasitic,Michener 2007
Nomada articulata,Apidae,parasitic,Michener 2007
Nomada banksi,Apidae,parasitic,Michener 2007
Nomada cressonii,Apidae,parasitic,Michener 2007
Nomada crotchii,Apidae,parasitic,Michener 2007
Nomada cuneata,Apidae,parasitic,Michener 2007
Nomada dentariae,Apidae,parasitic,Michener 2007
Nomada denticulata,Apidae,parasitic,Michener 2007
Nomada dreisbachi,Apidae,parasitic,Michener 2007
Nomada erigeronis,Apidae,parasitic,Michener 2007
Nomada fervida,Apidae,parasitic,Michener 2007
Nomada fragilis,Apidae,parasitic,Michener 2007
Nomada graenicheri,Apidae,parasitic,Michener 2007
Nomada hydrophylli,Apidae,parasitic,Michener 2007
Nomada imbricata,Apidae,parasitic,Michener 2007
Nomada integerrima,Apidae,parasitic,Michener 2007
Nomada lepida,Apidae,parasitic,Michener 2007
Nomada luteola,Apidae,parasitic,Michener 2007
Nomada luteoloides,Apidae,parasitic,Michener 2007
Nomada maculata,Apidae,parasitic,Michener 2007
Nomada mutans,Apidae,parasitic,Michener 2007
Nomada obliterata,Apidae,parasitic,Michener 2007
Nomada parva,Apidae,parasitic,Michener 2007
Nomada perplexa,Apidae,parasitic,Michener 2007
Nomada placida,Apidae,parasitic,Michener 2007
Nomada pygmaea,Apidae,parasitic,Michener 2007
Nomada rhodoxantha,Apidae,parasitic,Michener 2007
Nomada salicis,Apidae,parasitic,Michener 2007
Nomada sayi,Apidae,parasitic,Michener 2007
Nomada sphaerogaster,Apidae,parasitic,Michener 2007
Nomada suavis,Apidae,parasitic,Michener 2007
Nomada sulphurata,Apidae,parasitic,Michener 2007
Nomada superba,Apidae,parasitic,Michener 2007
Nomada texana,Apidae,parasitic,Michener 2007
Nomada vicina,Apidae,parasitic,Michener 2007
Nomada vincta,Apidae,parasitic,Michener 2007
Oreopasites barbarae,Apidae,parasitic,Michener 2007
Oreopasites favreauae,Apidae,parasitic,Michener 2007
Oreopasites linsleyi,Apidae,parasitic,Michener 2007
Oreopasites powelli,Apidae,parasitic,Michener 2007
Oreopasites vanduzeei,Apidae,parasitic,Michener 2007
Paranomada nitida,Apidae,parasitic,Michener 2007
Paranomada velutina,Apidae,parasitic,Michener 2007
Peponapis pruinosa,Apidae,specialist,Fowler and Droege 2020; Fowler 2020a; Fowler 2020b
Peponapis timberlakei,Apidae,specialist,Fowler 2020a; Fowler 2020b
Peponapis utahensis,Apidae,specialist,Fowler 2020a; Fowler 2020b
Plebeia emerina,Apidae,generalist,Schlindwein & Wittman 1997; Harter et al. 2002
Ptilothrix bombiformis,Apidae,specialist,Fowler and Droege 2020; Fowler 2020a
Simanthedon linsleyi,Apidae,unknown,
Svastra aegis,Apidae,specialist,Fowler and Droege 2020; Fowler 2020a
Svastra atripes,Apidae,specialist,Linsley 1958
Svastra compta,Apidae,specialist,Fowler and Droege 2020; Fowler 2020a; Fowler 2020b
Svastra cressonii,Apidae,unknown,
Svastra duplocincta,Apidae,specialist,Fowler 2020a; Fowler 2020b
Svastra helianthelli,Apidae,specialist,Fowler 2020a; Fowler 2020b
Svastra machaerantherae,Apidae,specialist,Fowler 2020a; Fowler 2020b
Svastra obliqua,Apidae,specialist,Fowler and Droege 2020; Fowler 2020a; Fowler 2020b
Svastra petulca,Apidae,specialist,Fowler and Droege 2020; Fowler 2020a; Fowler 2020b
Svastra sabinensis,Apidae,specialist,Fowler 2020a; Fowler 2020b
Svastra sila,Apidae,specialist,Fowler 2020a; Fowler 2020b
Syntrichalonia exquisita,Apidae,specialist,Fowler 2020a; Fowler 2020b
Tetraloniella albata,Apidae,unknown,
Tetraloniella davidsoni,Apidae,unknown,
Tetraloniella eriocarpi,Apidae,unknown,
Tetraloniella imitatrix,Apidae,unknown,
Tetraloniella perconcinna,Apidae,unknown,
Tetraloniella pomonae,Apidae,unknown,
Tetraloniella sphaeralceae,Apidae,unknown,
Tetraloniella spissa,Apidae,unknown,
Tetraloniella vandykei,Apidae,unknown,
Townsendiella pulchra,Apidae,parasitic,Michener 2007
Triepeolus ancoratus,Apidae,parasitic,Michener 2007
Triepeolus antiochensis,Apidae,parasitic,Michener 2007
Triepeolus balteatus,Apidae,parasitic,Michener 2007
Triepeolus bilineatus,Apidae,parasitic,Michener 2007
Triepeolus bimorulus,Apidae,parasitic,Michener 2007
Triepeolus californicus,Apidae,parasitic,Michener 2007
Triepeolus circumculus,Apidae,parasitic,Michener 2007
Triepeolus concavus,Apidae,parasitic,Michener 2007
Triepeolus cressonii,Apidae,parasitic,Michener 2007
Triepeolus denverensis,Apidae,parasitic,Michener 2007
Triepeolus diffusus,Apidae,parasitic,Michener 2007
Triepeolus dilutus,Apidae,parasitic,Michener 2007
Triepeolus distinctus,Apidae,parasitic,Michener 2007
Triepeolus diversipes,Apidae,parasitic,Michener 2007
Triepeolus donatus,Apidae,parasitic,Michener 2007
Triepeolus eldoradensis,Apidae,parasitic,Michener 2007
Triepeolus engeli,Apidae,parasitic,Michener 2007
Triepeolus fraserae,Apidae,parasitic,Michener 2007
Triepeolus grandis,Apidae,parasitic,Michener 2007
Triepeolus helianthi,Apidae,parasitic,Michener 2007
Triepeolus intrepidus,Apidae,parasitic,Michener 2007
Triepeolus joliae,Apidae,parasitic,Michener 2007
Triepeolus laticaudus,Apidae,parasitic,Michener 2007
Triepeolus laticeps,Apidae,parasitic,Michener 2007
Triepeolus loomisorum,Apidae,parasitic,Michener 2007
Triepeolus lunatus,Apidae,parasitic,Michener 2007
Triepeolus margaretae,Apidae,parasitic,Michener 2007
Triepeolus martini,Apidae,parasitic,Michener 2007
Triepeolus melanarius,Apidae,parasitic,Michener 2007
Triepeolus mexicanus,Apidae,parasitic,Michener 2007
Triepeolus michiganensis,Apidae,parasitic,Michener 2007
Triepeolus micropygius,Apidae,parasitic,Michener 2007
Triepeolus nevadensis,Apidae,parasitic,Michener 2007
Triepeolus norae,Apidae,parasitic,Michener 2007
Triepeolus obliteratus,Apidae,parasitic,Michener 2007
Triepeolus paenepectoralis,Apidae,parasitic,Michener 2007
Triepeolus pectoralis,Apidae,parasitic,Michener 2007
Triepeolus penicilliferus,Apidae,parasitic,Michener 2007
Triepeolus quadrifasciatus,Apidae,parasitic,Michener 2007
Triepeolus remigatus,Apidae,parasitic,Michener 2007
Triepeolus rhododontus,Apidae,parasitic,Michener 2007
Triepeolus rufithorax,Apidae,parasitic,Michener 2007
Triepeolus rufoclypeus,Apidae,parasitic,Michener 2007
Triepeolus scelestus,Apidae,parasitic,Michener 2007
Triepeolus simplex,Apidae,parasitic,Michener 2007
Triepeolus subalpinus,Apidae,parasitic,Michener 2007
Triepeolus subnitens,Apidae,parasitic,Michener 2007
Triepeolus tanneri,Apidae,parasitic,Michener 2007
Triepeolus texanus,Apidae,parasitic,Michener 2007
Triepeolus timberlakei,Apidae,parasitic,Michener 2007
Triepeolus townsendi,Apidae,parasitic,Michener 2007
Triepeolus utahensis,Apidae,parasitic,Michener 2007
Triepeolus verbesinae,Apidae,parasitic,Michener 2007
Triepeolus vernus,Apidae,parasitic,Michener 2007
Triepeolus warriti,Apidae,parasitic,Michener 2007
Triopasites penniger,Apidae,parasitic,Michener 2007
Xenoglossa angustior,Apidae,specialist,Fowler 2020b
Xenoglossa patricia,Apidae,specialist,Fowler 2020a; Fowler 2020b
Xenoglossa strenua,Apidae,specialist,Fowler and Droege 2020; Fowler 2020a; Fowler 2020b
Xylocopa californica,Apidae,unknown,
Xylocopa mexicanorum,Apidae,unknown,
Xylocopa micans,Apidae,unknown,
Xylocopa micheneri,Apidae,unknown,
Xylocopa sonorina,Apidae,unknown,
Xylocopa strandi,Apidae,unknown,
Xylocopa tabaniformis,Apidae,unknown,
Xylocopa virginica,Apidae,generalist,Wood et al. 2018
Zacosmia maculata,Apidae,parasitic,Michener 2007
Caupolicana electa,Colletidae,unknown,
Caupolicana floridana,Colletidae,unknown,
Colletes aberrans,Colletidae,specialist,Fowler 2020a; Fowler 2020b
Colletes aestivalis,Colletidae,specialist,Fowler and Droege 2020; Fowler 2020a
Colletes albescens,Colletidae,specialist,Fowler 2020a; Fowler 2020b
Colletes algarobiae,Colletidae,specialist,Fowler 2020a; Fowler 2020b
Colletes americanus,Colletidae,specialist,Fowler and Droege 2020; Fowler 2020a
Colletes angelicus,Colletidae,unknown,
Colletes aridus,Colletidae,unknown,
Colletes brevicornis,Colletidae,specialist,Fowler and Droege 2020; Fowler 2020a; Fowler 2020b
Colletes brimleyi,Colletidae,specialist,Fowler and Droege 2020
Colletes ciliatus,Colletidae,specialist,Fowler and Droege 2020; Fowler 2020a; Fowler 2020b
Colletes compactus,Colletidae,specialist,Fowler and Droege 2020; Fowler 2020a; Fowler 2020b
Colletes consors,Colletidae,specialist,Sheffield et al. 2014
Colletes covilleae,Colletidae,specialist,Fowler 2020b
Colletes daleae,Colletidae,unknown,
Colletes deserticola,Colletidae,unknown,
Colletes eulophi,Colletidae,unknown,
Colletes fulgidus,Colletidae,specialist,Fowler 2020a; Fowler 2020b
Colletes gypsicolens,Colletidae,specialist,Fowler 2020a; Fowler 2020b
Colletes hyalinus,Colletidae,generalist,Sheffield et al. 2014
Colletes inaequalis,Colletidae,generalist,Sheffield et al. 2014
Colletes inuncantipedis,Colletidae,specialist,Fowler 2020a
Colletes kansensis,Colletidae,unknown,
Colletes kincaidii,Colletidae,generalist,Sheffield et al. 2014
Colletes larreae,Colletidae,specialist,Fowler 2020b
Colletes laticinctus,Colletidae,specialist,Fowler 2020a; Fowler 2020b
Colletes latitarsis,Colletidae,specialist,Fowler and Droege 2020; Fowler 2020a; Fowler 2020b
Colletes lutzi,Colletidae,unknown,
Colletes mandibularis,Colletidae,unknown,
Colletes nudus,Colletidae,unknown,
Colletes paniscus,Colletidae,specialist,Fowler 2020b
Colletes perileucus,Colletidae,unknown,
Colletes productus,Colletidae,specialist,Fowler and Droege 2020; Fowler 2020a; Fowler 2020b
Colletes robertsonii,Colletidae,specialist,Fowler 2020a; Fowler 2020b
Colletes scopiventer,Colletidae,specialist,Fowler 2020a; Fowler 2020b
Colletes simulans,Colletidae,specialist,Fowler and Droege 2020; Fowler 2020a; Fowler 2020b
Colletes solidaginis,Colletidae,specialist,Fowler and Droege 2020; Fowler 2020a
Colletes speculiferus,Colletidae,specialist,Fowler and Droege 2020; Fowler 2020a
Colletes stepheni,Colletidae,generalist,
Colletes susannae,Colletidae,specialist,Fowler 2020a; Fowler 2020b
Colletes thoracicus,Colletidae,generalist,Wood et al. 2018
Colletes validus,Colletidae,specialist,Fowler and Droege 2020; Fowler 2020a
Colletes wickhami,Colletidae,unknown,
Colletes willistoni,Colletidae,specialist,Fowler and Droege 2020; Fowler 2020a; Fowler 2020b
Colletes wilmattae,Colletidae,specialist,Fowler 2020a; Fowler 2020b
Eulonchopria punctatissima,Colletidae,specialist,Fowler 2020b
Hylaeus affinis,Colletidae,generalist,Sheffield et al. 2014
Hylaeus annulatus,Colletidae,specialist,Sheffield et al. 2014; Bogusch et al. 2020; Scott 1996
Hylaeus basalis,Colletidae,specialist,Sheffield et al. 2014; Scott 1996
Hylaeus coloradensis,Colletidae,unknown,
Hylaeus episcopalis,Colletidae,generalist,Sheffield et al. 2014
Hylaeus floridanus,Colletidae,unknown,
Hylaeus graenicheri,Colletidae,unknown,
Hylaeus granulatus,Colletidae,unknown,
Hylaeus illinoisensis,Colletidae,generalist,Wood et al. 2018
Hylaeus insolitus,Colletidae,unknown,
Hylaeus lunicraterius,Colletidae,unknown,
Hylaeus megalotis,Colletidae,unknown,
Hylaeus mesillae,Colletidae,generalist,Sheffield et al. 2014
Hylaeus modestus,Colletidae,generalist,Sheffield et al. 2014
Hylaeus nelumbonis,Colletidae,generalist,Sheffield et al. 2014; Hurd 1979; Gibbs et al. 2017
Hylaeus personatellus,Colletidae,unknown,
Hylaeus pictipes,Colletidae,generalist,Bogusch et al. 2020
Hylaeus polifolii,Colletidae,unknown,
Hylaeus rudbeckiae,Colletidae,unknown,
Hylaeus saniculae,Colletidae,unknown,
Hylaeus schwarzii,Colletidae,unknown,
Hylaeus timberlakei,Colletidae,unknown,
Hylaeus verticalis,Colletidae,specialist,Sheffield et al. 2014; Scott 1996
Ptiloglossa arizonensis,Colletidae,generalist,Linsley & Cazier 1970
Ptiloglossa jonesi,Colletidae,generalist,Linsley & Cazier 1970
Ptiloglossa mexicana,Colletidae,unknown,
Zikanapis elegans,Colletidae,unknown,
Agapostemon angelicus,Halictidae,generalist,Sheffield et al. 2014
Agapostemon coloradinus,Halictidae,unknown,
Agapostemon femoratus,Halictidae,generalist,Sheffield et al. 2014
Agapostemon melliventris,Halictidae,generalist,Sheffield et al. 2014; Linsley 1960
Agapostemon nasutus,Halictidae,unknown,
Agapostemon sericeus,Halictidae,generalist,Sheffield et al. 2014; Wood et al. 2018
Agapostemon splendens,Halictidae,generalist,Sheffield et al. 2014; Wood et al. 2018
Agapostemon texanus,Halictidae,generalist,Sheffield et al. 2014
Agapostemon virescens,Halictidae,generalist,Sheffield et al. 2014; Wood et al. 2018
Augochlora aurifera,Halictidae,unknown,
Augochlora nigrocyanea,Halictidae,unknown,
Augochlora pura,Halictidae,generalist,Wood et al. 2018
Augochlorella aurata,Halictidae,generalist,Sheffield et al. 2014; Wood et al. 2018
Augochlorella karankawa,Halictidae,unknown,
Augochlorella persimilis,Halictidae,unknown,
Augochlorella pomoniella,Halictidae,unknown,
Augochloropsis metallica,Halictidae,specialist,Cane et al. 1985; Wood et al. 2018
Augochloropsis sumptuosa,Halictidae,unknown,
Conanthalictus bakeri,Halictidae,specialist,Fowler 2020a; Fowler 2020b
Conanthalictus caerulescens,Halictidae,specialist,Fowler 2020b
Conanthalictus conanthi,Halictidae,specialist,Fowler 2020b
Conanthalictus nigricans,Halictidae,specialist,Fowler 2020b
Dieunomia apacha,Halictidae,unknown,
Dieunomia bolliana,Halictidae,specialist,Fowler 2020a
Dieunomia heteropoda,Halictidae,specialist,Fowler and Droege 2020; Fowler 2020a; Fowler 2020b
Dieunomia micheneri,Halictidae,unknown,
Dieunomia nevadensis,Halictidae,specialist,Fowler and Droege 2020; Fowler 2020a; Fowler 2020b
Dieunomia triangulifera,Halictidae,specialist,Fowler 2020a; Fowler 2020b
Dufourea calochorti,Halictidae,specialist,Fowler 2020b
Dufourea contarovici,Halictidae,unknown,
Dufourea davidsoni,Halictidae,specialist,Fowler 2020b
Dufourea dentipes,Halictidae,specialist,Fowler 2020b
Dufourea desertorum,Halictidae,unknown,
Dufourea dilatipes,Halictidae,unknown,
Dufourea echinocacti,Halictidae,specialist,Fowler 2020b
Dufourea malacothricis,Halictidae,specialist,Fowler 2020b
Dufourea marginata,Halictidae,specialist,Fowler 2020a; Fowler 2020b
Dufourea maura,Halictidae,specialist,Fowler 2020b
Dufourea monardae,Halictidae,specialist,Fowler and Droege 2020; Fowler 2020a; Fowler 2020b
Dufourea mulleri,Halictidae,specialist,Fowler 2020b
Dufourea nemophilae,Halictidae,specialist,Fowler 2020b
Dufourea novaeangliae,Halictidae,specialist,Fowler and Droege 2020; Fowler 2020a
Dufourea pulchricornis,Halictidae,specialist,Fowler 2020a; Fowler 2020b
Dufourea rhamni,Halictidae,unknown,
Dufourea sandhouseae,Halictidae,unknown,
Dufourea spilura,Halictidae,specialist,Fowler 2020b
Dufourea trochantera,Halictidae,specialist,Fowler 2020b
Dufourea vernalis,Halictidae,unknown,
Dufourea virgata,Halictidae,specialist,Fowler 2020b
Halictus confusus,Halictidae,generalist,Sheffield et al. 2014; Bogusch et al. 2020; Pesenko et al. 2000; Westrich 2018
Halictus farinosus,Halictidae,unknown,
Halictus ligatus,Halictidae,unknown,
Halictus parallelus,Halictidae,generalist,Sheffield et al. 2014
Halictus poeyi,Halictidae,unknown,
Halictus rubicundus,Halictidae,generalist,Westrich 2018; Sheffield et al. 2014; Bogusch et al. 2020; Pesenko et al. 2000
Halictus tripartitus,Halictidae,unknown,
Lasioglossum abanci,Halictidae,unknown,
Lasioglossum aberrans,Halictidae,specialist,Fowler 2020a; Fowler 2020b
Lasioglossum acarophilum,Halictidae,unknown,
Lasioglossum acuminatum,Halictidae,generalist,Sheffield et al. 2014
Lasioglossum albohirtum,Halictidae,generalist,Sheffield et al. 2014
Lasioglossum aliud,Halictidae,unknown,
Lasioglossum amicum,Halictidae,unknown,
Lasioglossum angustius,Halictidae,unknown,
Lasioglossum apocyni,Halictidae,unknown,
Lasioglossum argemonis,Halictidae,unknown,
Lasioglossum athabascense,Halictidae,generalist,Sheffield et al. 2014
Lasioglossum avalonense,Halictidae,unknown,
Lasioglossum boreale,Halictidae,unknown,
Lasioglossum bruneri,Halictidae,generalist,Wood et al. 2018
Lasioglossum brunneiventre,Halictidae,unknown,
Lasioglossum californiae,Halictidae,unknown,
Lasioglossum cattellae,Halictidae,generalist,Wood et al. 2018
Lasioglossum channelense,Halictidae,unknown,
Lasioglossum cinctipes,Halictidae,generalist,Sheffield et al. 2014
Lasioglossum clematisellum,Halictidae,unknown,
Lasioglossum coactum,Halictidae,unknown,
Lasioglossum coeruleum,Halictidae,generalist,Wood et al. 2018
Lasioglossum coreopsis,Halictidae,unknown,
Lasioglossum coriaceum,Halictidae,generalist,Sheffield et al. 2014
Lasioglossum cressonii,Halictidae,generalist,Sheffield et al. 2014
Lasioglossum diatretum,Halictidae,unknown,
Lasioglossum diversopunctatum,Halictidae,unknown,
Lasioglossum ellisiae,Halictidae,unknown,
Lasioglossum fattigi,Halictidae,unknown,
Lasioglossum forbesii,Halictidae,unknown,
Lasioglossum foxii,Halictidae,generalist,Sheffield et al. 2014
Lasioglossum fuscipenne,Halictidae,generalist,Wood et al. 2018
Lasioglossum gotham,Halictidae,generalist,Wood et al. 2018
Lasioglossum hitchensi,Halictidae,generalist,Wood et al. 2018
Lasioglossum hudsoniellum,Halictidae,generalist,Sheffield et al. 2014
Lasioglossum imitatum,Halictidae,generalist,Sheffield et al. 2014
Lasioglossum impavidum,Halictidae,unknown,
Lasioglossum incompletum,Halictidae,generalist,Sheffield et al. 2014
Lasioglossum jubatum,Halictidae,unknown,
Lasioglossum lepidii,Halictidae,unknown,
Lasioglossum longifrons,Halictidae,unknown,
Lasioglossum lustrans,Halictidae,specialist,Fowler and Droege 2020; Fowler 2020a; Fowler 2020b
Lasioglossum macoupinense,Halictidae,generalist,Sheffield et al. 2014
Lasioglossum megastictus,Halictidae,unknown,
Lasioglossum mesillense,Halictidae,unknown,
Lasioglossum microlepoides,Halictidae,unknown,
Lasioglossum miniatulum,Halictidae,unknown,
Lasioglossum nelumbonis,Halictidae,specialist,Gibbs et al. 2013; Lippok et al. 2000; Gibbs et al. 2017
Lasioglossum nevadense,Halictidae,unknown,
Lasioglossum nigrescens,Halictidae,unknown,
Lasioglossum nigroviride,Halictidae,generalist,Sheffield et al. 2014
Lasioglossum noctivaga,Halictidae,specialist,Fowler 2020a; Fowler 2020b
Lasioglossum oblongum,Halictidae,generalist,Wood et al. 2018
Lasioglossum oceanicum,Halictidae,specialist,Wood et al. 2018; Linsley 1958
Lasioglossum oenotherae,Halictidae,specialist,Fowler and Droege 2020; Fowler 2020a
Lasioglossum orthocarpi,Halictidae,unknown,
Lasioglossum ovaliceps,Halictidae,unknown,
Lasioglossum pallidellum,Halictidae,generalist,Sheffield et al. 2014
Lasioglossum paraforbesii,Halictidae,generalist,Sheffield et al. 2014
Lasioglossum pavonotum,Halictidae,unknown,
Lasioglossum pectinatum,Halictidae,generalist,
Lasioglossum pectorale,Halictidae,generalist,Sheffield et al. 2014
Lasioglossum perdifficile,Halictidae,unknown,
Lasioglossum perichlarus,Halictidae,unknown,
Lasioglossum perparvum,Halictidae,unknown,
Lasioglossum petrellum,Halictidae,unknown,
Lasioglossum pilosum,Halictidae,generalist,Wood et al. 2018
Lasioglossum pulveris,Halictidae,unknown,
Lasioglossum quebecense,Halictidae,specialist,Sheffield et al. 2014; Boulanger et al. 1967; Gibbs et al. 2017
Lasioglossum reticulatum,Halictidae,unknown,
Lasioglossum rohweri,Halictidae,unknown,
Lasioglossum sagax,Halictidae,unknown,
Lasioglossum semibrunneum,Halictidae,unknown,
Lasioglossum semicaeruleum,Halictidae,generalist,Sheffield et al. 2014
Lasioglossum sisymbrii,Halictidae,generalist,Sheffield et al. 2014
Lasioglossum subversans,Halictidae,generalist,Sheffield et al. 2014
Lasioglossum synthyridis,Halictidae,generalist,Sheffield et al. 2014
Lasioglossum tamiamense,Halictidae,unknown,
Lasioglossum tarponense,Halictidae,unknown,
Lasioglossum tegulare,Halictidae,generalist,Wood et al. 2018
Lasioglossum tegulariforme,Halictidae,unknown,
Lasioglossum titusi,Halictidae,unknown,
Lasioglossum trigeminum,Halictidae,unknown,
Lasioglossum versans,Halictidae,generalist,Sheffield et al. 2014
Lasioglossum versatum,Halictidae,generalist,Wood et al. 2018
Lasioglossum vierecki,Halictidae,generalist,Sheffield et al. 2014
Lasioglossum zephyrus,Halictidae,generalist,Sheffield et al. 2014
Micralictoides altadenae,Halictidae,unknown,
Micralictoides chaenactidis,Halictidae,unknown,
Micralictoides ruficaudus,Halictidae,specialist,Fowler 2020b
Nomia melanderi,Halictidae,unknown,
Nomia nortoni,Halictidae,unknown,
Nomia tetrazonata,Halictidae,unknown,
Protodufourea eickworti,Halictidae,specialist,Fowler 2020b
Pseudaugochlora graminea,Halictidae,unknown,
Sphecodes antennariae,Halictidae,parasitic,Michener 2007
Sphecodes atlantis,Halictidae,parasitic,Michener 2007
Sphecodes autumnalis,Halictidae,parasitic,Michener 2007
Sphecodes banksii,Halictidae,parasitic,Michener 2007
Sphecodes brachycephalus,Halictidae,parasitic,Michener 2007
Sphecodes clematidis,Halictidae,parasitic,Michener 2007
Sphecodes confertus,Halictidae,parasitic,Michener 2007
Sphecodes cressonii,Halictidae,parasitic,Michener 2007
Sphecodes davisii,Halictidae,parasitic,Michener 2007
Sphecodes eustictus,Halictidae,parasitic,Michener 2007
Sphecodes galerus,Halictidae,parasitic,Michener 2007
Sphecodes heraclei,Halictidae,parasitic,Michener 2007
Sphecodes illinoensis,Halictidae,parasitic,Michener 2007
Sphecodes kincaidii,Halictidae,parasitic,Michener 2007
Sphecodes mandibularis,Halictidae,parasitic,Michener 2007
Sphecodes manni,Halictidae,parasitic,Michener 2007
Sphecodes minor,Halictidae,parasitic,Michener 2007
Sphecodes pimpinellae,Halictidae,parasitic,Michener 2007
Sphecodes prosphorus,Halictidae,parasitic,Michener 2007
Sphecodes pycnanthemi,Halictidae,parasitic,Michener 2007
Sphecodes ranunculi,Halictidae,parasitic,Michener 2007
Sphecodes smilacinae,Halictidae,parasitic,Michener 2007
Sphecodosoma beameri,Halictidae,specialist,Fowler 2020a; Fowler 2020b
Sphecodosoma dicksoni,Halictidae,specialist,Fowler 2020a; Fowler 2020b
Sphecodosoma pratti,Halictidae,unknown,
Xeralictus bicuspidariae,Halictidae,specialist,Fowler 2020b
Xeralictus timberlakei,Halictidae,specialist,Fowler 2020b
Anthidiellum notatum,Megachilidae,generalist,Wood et al. 2018
Anthidiellum perplexum,Megachilidae,unknown,
Anthidium atripes,Megachilidae,specialist,Fowler 2020a; Fowler 2020b
Anthidium cochimi,Megachilidae,unknown,
Anthidium cockerelli,Megachilidae,unknown,
Anthidium dammersi,Megachilidae,specialist,Fowler 2020b
Anthidium duomarginatum,Megachilidae,unknown,
Anthidium edwardsii,Megachilidae,unknown,
Anthidium formosum,Megachilidae,unknown,
Anthidium illustre,Megachilidae,unknown,
Anthidium jocosum,Megachilidae,unknown,
Anthidium labergei,Megachilidae,unknown,
Anthidium maculifrons,Megachilidae,unknown,
Anthidium maculosum,Megachilidae,unknown,
Anthidium michenerorum,Megachilidae,unknown,
Anthidium pallidiclypeum,Megachilidae,specialist,Fowler 2020b
Anthidium palliventre,Megachilidae,unknown,
Anthidium palmarum,Megachilidae,specialist,Fowler 2020a; Fowler 2020b
Anthidium placitum,Megachilidae,specialist,Fowler 2020b
Anthidium psoraleae,Megachilidae,specialist,Linsley 1958
Anthidium rodecki,Megachilidae,unknown,
Anthidium sonorense,Megachilidae,unknown,
Anthidium tenuiflorae,Megachilidae,generalist,
Ashmeadiella aridula,Megachilidae,unknown,
Ashmeadiella australis,Megachilidae,generalist,
Ashmeadiella bigeloviae,Megachilidae,unknown,
Ashmeadiella breviceps,Megachilidae,unknown,
Ashmeadiella bucconis,Megachilidae,specialist,Fowler and Droege 2020; Fowler 2020a; Fowler 2020b
Ashmeadiella cactorum,Megachilidae,generalist,Sheffield et al. 2014
Ashmeadiella californica,Megachilidae,unknown,
Ashmeadiella cazieri,Megachilidae,specialist,Fowler 2020b
Ashmeadiella clypeodentata,Megachilidae,unknown,
Ashmeadiella cubiceps,Megachilidae,specialist,Fowler 2020a; Fowler 2020b
Ashmeadiella difugita,Megachilidae,unknown,
Ashmeadiella erema,Megachilidae,specialist,Fowler 2020a; Fowler 2020b
Ashmeadiella eurynorhyncha,Megachilidae,unknown,
Ashmeadiella femorata,Megachilidae,unknown,
Ashmeadiella foveata,Megachilidae,unknown,
Ashmeadiella gillettei,Megachilidae,unknown,
Ashmeadiella holtii,Megachilidae,unknown,
Ashmeadiella hurdiana,Megachilidae,unknown,
Ashmeadiella inyoensis,Megachilidae,specialist,Fowler 2020b
Ashmeadiella leucozona,Megachilidae,unknown,
Ashmeadiella lutzi,Megachilidae,unknown,
Ashmeadiella meliloti,Megachilidae,unknown,
Ashmeadiella micheneri,Megachilidae,specialist,Fowler 2020b
Ashmeadiella occipitalis,Megachilidae,unknown,
Ashmeadiella opuntiae,Megachilidae,specialist,Fowler 2020a; Fowler 2020b
Ashmeadiella pronitens,Megachilidae,unknown,
Ashmeadiella prosopidis,Megachilidae,specialist,Fowler 2020a; Fowler 2020b
Ashmeadiella rhodognatha,Megachilidae,specialist,Fowler 2020a; Fowler 2020b
Ashmeadiella rubrella,Megachilidae,specialist,Fowler 2020a; Fowler 2020b
Ashmeadiella rufitarsis,Megachilidae,specialist,Fowler 2020b
Ashmeadiella salviae,Megachilidae,specialist,Fowler 2020b
Ashmeadiella sonora,Megachilidae,unknown,
Ashmeadiella timberlakei,Megachilidae,specialist,Fowler 2020b
Ashmeadiella vandykiella,Megachilidae,unknown,
Ashmeadiella xenomastax,Megachilidae,specialist,Fowler 2020b
Atoposmia abjecta,Megachilidae,specialist,Fowler 2020b
Atoposmia arizonensis,Megachilidae,unknown,
Atoposmia beameri,Megachilidae,unknown,
Atoposmia elongata,Megachilidae,unknown,
Atoposmia hebitis,Megachilidae,unknown,
Atoposmia hypostomalis,Megachilidae,specialist,Fowler 2020b
Atoposmia maryae,Megachilidae,unknown,
Chelostoma californicum,Megachilidae,specialist,Fowler 2020b
Chelostoma cockerelli,Megachilidae,generalist,
Chelostoma incisulum,Megachilidae,generalist,
Chelostoma philadelphi,Megachilidae,generalist,Sedivy et al. 2008; Gibbs et al. 2017
Chelostoma rapunculi,Megachilidae,generalist,Müller et al. 2006; Milet-Pinheiro et al. 2012; Sedivy et al. 2008; Haider et al. 2014b; Schlindwein et al. 2005; Müller et al. 1997; Kapyla 1978; Bogusch et al. 2020; Westrich 2018
Coelioxys alternatus,Megachilidae,parasitic,Michener 2007
Coelioxys apacheorum,Megachilidae,parasitic,Michener 2007
Coelioxys dolichos,Megachilidae,parasitic,Michener 2007
Coelioxys funerarius,Megachilidae,parasitic,Michener 2007
Coelioxys galactiae,Megachilidae,parasitic,Michener 2007
Coelioxys germanus,Megachilidae,parasitic,Michener 2007
Coelioxys hunteri,Megachilidae,parasitic,Michener 2007
Coelioxys mesae,Megachilidae,parasitic,Michener 2007
Coelioxys mexicanus,Megachilidae,parasitic,Michener 2007
Coelioxys modestus,Megachilidae,parasitic,Michener 2007
Coelioxys moestus,Megachilidae,parasitic,Michener 2007
Coelioxys obtusiventris,Megachilidae,parasitic,Michener 2007
Coelioxys octodentatus,Megachilidae,parasitic,Michener 2007
Coelioxys rufitarsis,Megachilidae,parasitic,Michener 2007
Coelioxys sayi,Megachilidae,parasitic,Michener 2007
Coelioxys slossoni,Megachilidae,parasitic,Michener 2007
Coelioxys sodalis,Megachilidae,parasitic,Michener 2007
Coelioxys texanus,Megachilidae,parasitic,Michener 2007
Dianthidium cressonii,Megachilidae,specialist,Fowler 2020b
Dianthidium curvatum,Megachilidae,specialist,Fowler and Droege 2020; Fowler 2020a; Fowler 2020b
Dianthidium discors,Megachilidae,unknown,
Dianthidium dubium,Megachilidae,unknown,
Dianthidium floridiense,Megachilidae,unknown,
Dianthidium heterulkei,Megachilidae,unknown,
Dianthidium parvum,Megachilidae,specialist,Fowler 2020a; Fowler 2020b
Dianthidium platyurum,Megachilidae,specialist,Fowler 2020a; Fowler 2020b
Dianthidium subparvum,Megachilidae,specialist,Fowler 2020b
Dioxys pomonae,Megachilidae,parasitic,Michener 2007
Dioxys productus,Megachilidae,parasitic,Michener 2007
Heriades carinata,Megachilidae,generalist,Sheffield et al. 2014; Jensen et al. 2003
Heriades crucifera,Megachilidae,specialist,Fowler 2020b
Heriades leavitti,Megachilidae,generalist,Wood et al. 2018
Heriades micropthalma,Megachilidae,unknown,
Heriades occidentalis,Megachilidae,unknown,
Heriades variolosa,Megachilidae,specialist,Sheffield et al. 2014
Hoplitis albifrons,Megachilidae,generalist,Sheffield et al. 2014
Hoplitis biscutellae,Megachilidae,generalist,
Hoplitis fulgida,Megachilidae,unknown,
Hoplitis grinnelli,Megachilidae,unknown,
Hoplitis howardi,Megachilidae,specialist,Fowler 2020b
Hoplitis hypocrita,Megachilidae,unknown,
Hoplitis incanescens,Megachilidae,specialist,Fowler 2020a; Fowler 2020b
Hoplitis paroselae,Megachilidae,specialist,Fowler 2020b
Hoplitis pilosifrons,Megachilidae,generalist,Sheffield et al. 2014
Hoplitis producta,Megachilidae,generalist,Sheffield et al. 2014
Hoplitis remotula,Megachilidae,specialist,Fowler 2020b
Hoplitis robusta,Megachilidae,generalist,Sheffield et al. 2014
Hoplitis sambuci,Megachilidae,unknown,
Hoplitis truncata,Megachilidae,unknown,
Hoplitis zuni,Megachilidae,unknown,
Lithurgopsis apicalis,Megachilidae,specialist,Fowler 2020a; Fowler 2020b
Lithurgopsis echinocacti,Megachilidae,specialist,Fowler 2020b
Lithurgopsis gibbosa,Megachilidae,specialist,Fowler and Droege 2020; Fowler 2020a
Lithurgopsis littoralis,Megachilidae,specialist,Fowler 2020a; Fowler 2020b
Megachile addenda,Megachilidae,unknown,
Megachile adelphodonta,Megachilidae,unknown,
Megachile albitarsis,Megachilidae,unknown,
Megachile amica,Megachilidae,unknown,
Megachile angelarum,Megachilidae,unknown,
Megachile anograe,Megachilidae,specialist,Sheffield et al. 2014
Megachile bahamensis,Megachilidae,unknown,
Megachile brevis,Megachilidae,specialist,Sheffield et al. 2014; Ascher & Pickering 2019; Killewald et al. 2019
Megachile brimleyi,Megachilidae,specialist,Fowler and Droege 2020
Megachile browni,Megachilidae,unknown,
Megachile campanulae,Megachilidae,generalist,Wood et al. 2018
Megachile centuncularis,Megachilidae,unknown,
Megachile chichimeca,Megachilidae,unknown,
Megachile chilopsidis,Megachilidae,specialist,Fowler 2020a; Fowler 2020b
Megachile circumcincta,Megachilidae,generalist,Sheffield et al. 2014; Bogusch et al. 2020; Westrich 2018
Megachile cochisiana,Megachilidae,unknown,
Megachile comata,Megachilidae,unknown,
Megachile davidsoni,Megachilidae,unknown,
Megachile deflexa,Megachilidae,unknown,
Megachile dentitarsus,Megachilidae,generalist,Sheffield et al. 2014
Megachile exilis,Megachilidae,unknown,
Megachile fidelis,Megachilidae,specialist,Fowler 2020a; Fowler 2020b
Megachile fortis,Megachilidae,specialist,Fowler 2020a; Fowler 2020b
Megachile frigida,Megachilidae,specialist,Sheffield et al. 2014
Megachile frugalis,Megachilidae,unknown,
Megachile fucata,Megachilidae,unknown,
Megachile gemula,Megachilidae,generalist,Sheffield et al. 2014; Cane et al. 1985; Bogusch et al. 2020
Megachile gentilis,Megachilidae,unknown,
Megachile georgica,Megachilidae,unknown,
Megachile inermis,Megachilidae,generalist,Sheffield et al. 2014
Megachile inimica,Megachilidae,specialist,Fowler and Droege 2020; Fowler 2020a; Fowler 2020b
Megachile integra,Megachilidae,specialist,Fowler and Droege 2020; Fowler 2020a
Megachile integrella,Megachilidae,unknown,
Megachile lapponica,Megachilidae,specialist,Sheffield et al. 2014; Bogusch et al. 2020; Westrich 2018
Megachile latimanus,Megachilidae,generalist,Sheffield et al. 2014
Megachile legalis,Megachilidae,unknown,
Megachile lippiae,Megachilidae,generalist,Sheffield et al. 2014
Megachile manni,Megachilidae,unknown,
Megachile melanophaea,Megachilidae,specialist,Fowler and Droege 2020; Fowler 2020a; Fowler 2020b
Megachile mendica,Megachilidae,specialist,Ascher & Pickering 2019; Killewald et al. 2019; Wood et al. 2018
Megachile micheneri,Megachilidae,unknown,
Megachile montivaga,Megachilidae,generalist,Sheffield et al. 2014
Megachile mucida,Megachilidae,generalist,Wood et al. 2018
Megachile parallela,Megachilidae,specialist,Fowler and Droege 2020; Fowler 2020a; Fowler 2020b
Megachile perihirta,Megachilidae,generalist,Fowler 2020a; Fowler 2020b
Megachile petulans,Megachilidae,generalist,Wood et al. 2018
Megachile policaris,Megachilidae,specialist,Linsley 1958
Megachile prosopidis,Megachilidae,specialist,
Megachile pruina,Megachilidae,unknown,
Megachile pseudobrevis,Megachilidae,unknown,
Megachile pugnata,Megachilidae,specialist,Fowler and Droege 2020; Fowler 2020a; Fowler 2020b
Megachile pusilla,Megachilidae,generalist,Vossler 2018; Soltani et al. 2017
Megachile relativa,Megachilidae,generalist,Sheffield et al. 2014; Jensen et al. 2003
Megachile rugifrons,Megachilidae,unknown,
Megachile sidalceae,Megachilidae,unknown,
Megachile snowi,Megachilidae,unknown,
Megachile sublaurita,Megachilidae,specialist,Sheffield et al. 2014
Megachile subnigra,Megachilidae,specialist,Fowler 2020a; Fowler 2020b
Megachile texana,Megachilidae,unknown,
Megachile townsendiana,Megachilidae,specialist,Fowler and Droege 2020; Fowler 2020a; Fowler 2020b
Megachile umatillensis,Megachilidae,specialist,Fowler 2020b
Megachile umbripennis,Megachilidae,unknown,
Megachile xerophila,Megachilidae,unknown,
Megachile xylocopoides,Megachilidae,specialist,Fowler and Droege 2020; Fowler 2020a
Megachile zapoteca,Megachilidae,unknown,
Megachile zaptlana,Megachilidae,unknown,
Osmia albiventris,Megachilidae,unknown,
Osmia albolateralis,Megachilidae,specialist,Sheffield et al. 2014
Osmia alpestris,Megachilidae,unknown,
Osmia atriventris,Megachilidae,generalist,Sheffield et al. 2014
Osmia atrocyanea,Megachilidae,unknown,
Osmia bucephala,Megachilidae,generalist,Sheffield et al. 2014
Osmia calaminthae,Megachilidae,specialist,Fowler and Droege 2020
Osmia calcarata,Megachilidae,specialist,Fowler 2020b
Osmia calla,Megachilidae,unknown,
Osmia cara,Megachilidae,unknown,
Osmia cerasi,Megachilidae,unknown,
Osmia chalybea,Megachilidae,specialist,Fowler and Droege 2020; Fowler 2020a; Fowler 2020b
Osmia clarescens,Megachilidae,unknown,
Osmia cobaltina,Megachilidae,unknown,
Osmia collinsiae,Megachilidae,unknown,
Osmia coloradensis,Megachilidae,specialist,Fowler and Droege 2020; Fowler 2020a; Fowler 2020b
Osmia conjuncta,Megachilidae,unknown,
Osmia cordata,Megachilidae,unknown,
Osmia crassa,Megachilidae,unknown,
Osmia cyanella,Megachilidae,unknown,
Osmia distincta,Megachilidae,specialist,Fowler and Droege 2020; Fowler 2020a
Osmia dolerosa,Megachilidae,unknown,
Osmia exigua,Megachilidae,unknown,
Osmia felti,Megachilidae,unknown,
Osmia gabrielis,Megachilidae,unknown,
Osmia gaudiosa,Megachilidae,unknown,
Osmia georgica,Megachilidae,specialist,Gibbs et al. 2017; Wood et al. 2018; Linsley 1958
Osmia giliarum,Megachilidae,specialist,
Osmia glauca,Megachilidae,unknown,
Osmia granulosa,Megachilidae,unknown,
Osmia grinnelli,Megachilidae,specialist,Fowler 2020b
Osmia illinoensis,Megachilidae,unknown,
Osmia inermis,Megachilidae,generalist,Müller 2018; Sheffield et al. 2014; Bogusch et al. 2020; Westrich 2018
Osmia inspergens,Megachilidae,unknown,
Osmia integra,Megachilidae,specialist,Fowler 2020a; Fowler 2020b
Osmia iridis,Megachilidae,specialist,Spear et al. 2016; McAulay et al. 2020
Osmia juxta,Megachilidae,generalist,Sheffield et al. 2014
Osmia kincaidii,Megachilidae,unknown,
Osmia laeta,Megachilidae,unknown,
Osmia latisulcata,Megachilidae,specialist,Fowler 2020a; Fowler 2020b
Osmia lignaria,Megachilidae,generalist,Kraemer & Favi 2005; Cane & Sipes 2006; Sheffield et al. 2014; Levin 1966; Williams & Tepedino 2003; Williams 2003; Haider et al. 2014a
Osmia liogastra,Megachilidae,specialist,Fowler 2020b
Osmia longula,Megachilidae,specialist,Fowler 2020a; Fowler 2020b
Osmia marginata,Megachilidae,unknown,
Osmia montana,Megachilidae,specialist,Fowler 2020a; Fowler 2020b
Osmia nemoris,Megachilidae,unknown,
Osmia nifoata,Megachilidae,specialist,Fowler 2020b
Osmia nigrifrons,Megachilidae,specialist,Fowler 2020a; Fowler 2020b
Osmia nigrobarbata,Megachilidae,specialist,Fowler 2020b
Osmia pentstemonis,Megachilidae,specialist,Sheffield et al. 2014
Osmia phenax,Megachilidae,specialist,
Osmia proxima,Megachilidae,generalist,Sheffield et al. 2014
Osmia prunorum,Megachilidae,unknown,
Osmia pumila,Megachilidae,generalist,Goodell 2003; Wood et al. 2018
Osmia rawlinsi,Megachilidae,unknown,
Osmia regulina,Megachilidae,specialist,Fowler 2020b
Osmia ribifloris,Megachilidae,generalist,
Osmia sandhouseae,Megachilidae,unknown,
Osmia sanrafaelae,Megachilidae,unknown,
Osmia sculleni,Megachilidae,generalist,Sheffield et al. 2014; Parker & Tepedino 1982; Alves-dos-Santos & Wittman 1999; Moldenke & Neff 1974
Osmia simillima,Megachilidae,generalist,Sheffield et al. 2014
Osmia subarctica,Megachilidae,unknown,
Osmia subaustralis,Megachilidae,specialist,Fowler 2020a; Fowler 2020b
Osmia subfasciata,Megachilidae,unknown,
Osmia tarsata,Megachilidae,unknown,
Osmia texana,Megachilidae,specialist,Fowler and Droege 2020; Fowler 2020a; Fowler 2020b
Osmia unca,Megachilidae,unknown,
Paranthidium jugatorium,Megachilidae,specialist,Fowler and Droege 2020; Fowler 2020a; Fowler 2020b
Protosmia rubifloris,Megachilidae,unknown,
Stelis calliphorina,Megachilidae,parasitic,Michener 2007
Stelis callura,Megachilidae,parasitic,Michener 2007
Stelis carnifex,Megachilidae,parasitic,Michener 2007
Stelis coarctatus,Megachilidae,parasitic,Michener 2007
Stelis costalis,Megachilidae,parasitic,Michener 2007
Stelis diversicolor,Megachilidae,parasitic,Michener 2007
Stelis foederalis,Megachilidae,parasitic,Michener 2007
Stelis imperialis,Megachilidae,parasitic,Michener 2007
Stelis labiata,Megachilidae,parasitic,Michener 2007
Stelis lamelliterga,Megachilidae,parasitic,Michener 2007
Stelis lateralis,Megachilidae,parasitic,Michener 2007
Stelis laticincta,Megachilidae,parasitic,Michener 2007
Stelis louisae,Megachilidae,parasitic,Michener 2007
Stelis monticola,Megachilidae,parasitic,Michener 2007
Stelis occidentalis,Megachilidae,parasitic,Michener 2007
Stelis palmarum,Megachilidae,parasitic,Michener 2007
Stelis pavonina,Megachilidae,parasitic,Michener 2007
Stelis permaculata,Megachilidae,parasitic,Michener 2007
Stelis perpulchra,Megachilidae,parasitic,Michener 2007
Stelis robertsoni,Megachilidae,parasitic,Michener 2007
Stelis subemarginata,Megachilidae,parasitic,Michener 2007
Trachusa bequaerti,Megachilidae,specialist,Fowler 2020a; Fowler 2020b
Trachusa cordaticeps,Megachilidae,unknown,
Trachusa fontemvitae,Megachilidae,unknown,
Trachusa larreae,Megachilidae,specialist,Fowler 2020a; Fowler 2020b
Trachusa perdita,Megachilidae,unknown,
Trachusa ridingsii,Megachilidae,unknown,
Trachusa timberlakei,Megachilidae,unknown,
Trachusa zebrata,Megachilidae,specialist,Fowler and Droege 2020; Fowler 2020a; Fowler 2020b
Hesperapis arenicola,Melittidae,specialist,Fowler 2020b
Hesperapis arida,Melittidae,generalist,
Hesperapis carinata,Melittidae,specialist,Fowler 2020a; Fowler 2020b
Hesperapis elegantula,Melittidae,unknown,
Hesperapis fuchsi,Melittidae,unknown,
Hesperapis fulvipes,Melittidae,specialist,Fowler 2020b
Hesperapis ilicifoliae,Melittidae,generalist,Fowler 2020b
Hesperapis larreae,Melittidae,specialist,Fowler 2020a; Fowler 2020b
Hesperapis laticeps,Melittidae,specialist,Fowler 2020b
Hesperapis leucura,Melittidae,specialist,Fowler 2020b
Hesperapis oliviae,Melittidae,specialist,Portman & Tepedino 2017
Hesperapis oraria,Melittidae,specialist,Fowler and Droege 2020
Hesperapis parva,Melittidae,unknown,
Hesperapis pellucida,Melittidae,specialist,Fowler 2020b
Hesperapis regularis,Melittidae,specialist,Fowler 2020b
Hesperapis rhodocerata,Melittidae,specialist,Fowler 2020a; Fowler 2020b
Hesperapis rufipes,Melittidae,specialist,Fowler 2020b
Hesperapis trochanterata,Melittidae,generalist,
Macropis ciliata,Melittidae,specialist,Fowler and Droege 2020; Fowler 2020a
Macropis nuda,Melittidae,specialist,Fowler and Droege 2020; Fowler 2020a; Fowler 2020b
Macropis patellata,Melittidae,specialist,Fowler and Droege 2020; Fowler 2020a
Macropis steironematis,Melittidae,specialist,Fowler and Droege 2020; Fowler 2020a
Melitta americana,Melittidae,specialist,Fowler and Droege 2020
Melitta melittoides,Melittidae,specialist,Fowler and Droege 2020; Fowler 2020a