bee,family,genus,species
Actenosigynes_mantiqueirensis,Loasaceae,Blumenbachia,Blumenbachia amana
Afranthidium_alternans,Asteraceae,,
Afranthidium_alternans,Asteraceae,,
Afranthidium_carduele,Asteraceae,,
Afranthidium_concolor,Asteraceae,,
Afranthidium_pusillum,Asteraceae,,
Afranthidium_pusillum,Asteraceae,,
Afranthidium_schulthessi,Asteraceae,,
Afranthidium_tergoangulatum,Zygophyllaceae,Augea,Augea capensis
Afroheriades_gemina,Asteraceae,Dimorphotheca,Dimorphotheca pluvialis
Afroheriades_gemina,Asteraceae,Osteospermum,Osteospermum clandestinum
Afroheriades_gemina,Asteraceae,Didelta,Didelta carnosa
Afroheriades_gemina,Asteraceae,Ursinia,
Afroheriades_gemina,Asteraceae,Chrysanthemoides,
Afroheriades_gemina,Asteraceae,Arctotis,
Afroheriades_gemina,Aizoaceae,,
Afroheriades_prima,Asteraceae,Rhynchopsidium,Rhynchopsidium pumilum
Afroheriades_prima,Asteraceae,Pteronia,Pteronia incana
Afroheriades_prima,Asteraceae,Chrysocoma,Chrysocoma ciliata
Afroheriades_prima,Asteraceae,Helichrysum,Helichrysum stellatum
Afroheriades_prima,Asteraceae,Amellus,Amellus microglossus
Afroheriades_prima,Asteraceae,Dimorphotheca,Dimorphotheca pluvialis
Afroheriades_prima,Asteraceae,Osteospermum,Osteospermum clandestinum
Afroheriades_prima,Asteraceae,Didelta,Didelta carnosa
Afroheriades_prima,Asteraceae,Senecio,
Afroheriades_prima,Asteraceae,Felicia,
Afroheriades_prima,Asteraceae,Oedera,
Afroheriades_prima,Asteraceae,Euryops,
Afroheriades_prima,Asteraceae,Rosenia,
Afroheriades_prima,Asteraceae,Leysera,
Afroheriades_prima,Asteraceae,Ursinia,
Afroheriades_prima,Asteraceae,Chrysanthemoides,
Afroheriades_prima,Asteraceae,Arctotis,
Agapostemon_melliventris,Cucurbitaceae,Cucurbita,Cucurbita foetidissima
Agapostemon_melliventris,Solanaceae,Datura,
Allodape_ceratinoides,Aizoaceae,Malephora,Malephora purpureocrocea
Allodape_ceratinoides,Oxalidaceae,,
Alloscirtetica_gilva,Cactaceae,Opuntia,Opuntia monacantha
Alloscirtetica_gilva,Cactaceae,Opuntia,Opuntia viridirubra
Amegilla_chlorocyanea,Orchidaceae,Thelymitra,
Amegilla_florea,Balsaminaceae,Impatiens,Impatiens textori
Amegilla_friese,Lamiaceae,Leucas,Leucas zeylanica
Amegilla_friese,Verbenaceae,Stachytarpheta,Stachytarpheta dichotoma
Amegilla_niveata,Asteraceae,Dimorphotheca,Dimorphotheca pluvialis
Amegilla_niveata,Asteraceae,Osteospermum,Osteospermum clandestinum
Amegilla_niveata,Asteraceae,Didelta,Didelta carnosa
Amegilla_niveata,Asteraceae,Ursinia,
Amegilla_niveata,Asteraceae,Chrysanthemoides,
Amegilla_niveata,Asteraceae,Arctotis,
Amegilla_niveata,Oxalidaceae,,
Amegilla_niveata,Zygophyllaceae,,
Amegilla_niveocincta,Lamiaceae,Leucas,Leucas zeylanica
Amegilla_niveocincta,Pedaliaceae,Sesamum,Sesamum radiatum
Amegilla_obscuriceps,Asphodelaceae,Trachyandra,
Amegilla_puttalama,Lamiaceae,Leucas,Leucas zeylanica
Amegilla_puttalama,Verbenaceae,Stachytarpheta,Stachytarpheta dichotoma
Amegilla_quadrifasciata,Boraginaceae,Anchusa,Anchusa officinalis
Amegilla_quadrifasciata,Lamiaceae,Ballota,Ballota nigra
Amegilla_quadrifasciata,Asteraceae,Centaurea,Centaurea stoebe
Amegilla_quadrifasciata,Asteraceae,Cirsium,Cirsium vulgare
Amegilla_quadrifasciata,Boraginaceae,Echium,Echium vulgare
Amegilla_quadrifasciata,Fabaceae,Ononis,Ononis spinosa
Amegilla_quadrifasciata,Fabaceae,Vicia,Vicia cracca
Amegilla_scintillans,Acanthaceae,Asystasia,Asystasia gangetica
Amegilla_scintillans,Acanthaceae,Justicia,Justicia colorifera
Amegilla_scintillans,Verbenaceae,Lantana,Lantana camara
Amegilla_scintillans,Verbenaceae,Stachytarpheta,Stachytarpheta indica
Amegilla_zonata,Lamiaceae,Ocimum,Ocimum basilicum
Ancylandrena_atoposoma,Fabaceae,Lupinus,
Ancylandrena_koebelei,Fabaceae,Dalea,
Ancylandrena_larreae,Zygophyllaceae,Larrea,Larrea tridentata
Ancylandrena_rozeni,Fabaceae,Coursetia,
Ancyloscelis_apiformis,Convolvulaceae,Merremia,Merremia dissecta
Ancyloscelis_apiformis,Convolvulaceae,Bonamia,Bonamia ferruginea
Ancyloscelis_apiformis,Malpighiaceae,Malpighia,Malpighia glabra
Ancyloscelis_apiformis,Malpighiaceae,Byrsonima,Byrsonima crispa
Ancyloscelis_apiformis,Fabaceae,Senna,Senna alata
Ancyloscelis_apiformis,Melastomataceae,Miconia,Miconia poeppigii
Ancyloscelis_apiformis,Convolvulaceae,Ipomoea,
Ancyloscelis_gigas,Pontederiaceae,Eichhornia,Eichhornia azurea
Ancyloscelis_gigas,Pontederiaceae,Pontederia,
Ancyloscelis_romeroi,Cactaceae,Opuntia,Opuntia monacantha
Ancyloscelis_romeroi,Cactaceae,Opuntia,Opuntia viridirubra
Ancyloscelis_romeroi,Cactaceae,Parodia,Parodia sellowii
Ancyloscelis_romeroi,Cactaceae,Gymnocalycium,Gymnocalycium denudatum
Ancyloscelis_romeroi,Convolvulaceae,Convolvulus,
Ancyloscelis_sejunctus,Convolvulaceae,Ipomoea,
Ancyloscelis_turmalis,Pontederiaceae,Eichhornia,
Ancyloscelis_turmalis,Pontederiaceae,Pontederia,
Ancyloscelis_ursinus,Pontederiaceae,Eichhornia,
Ancyloscelis_ursinus,Pontederiaceae,Pontederia,
Ancyloscelis_wheeleri,Convolvulaceae,,
Andrena_aberrans,Fabaceae,Chamaecytisus,Chamaecytisus purpureus
Andrena_aberrans,Fabaceae,Chamaecytisus,Chamaecytisus ratisbonensis
Andrena_ablegata,Asteraceae,Agoseris,
Andrena_accepta,Asteraceae,Helianthus,
Andrena_accepta,Asteraceae,Grindelia,
Andrena_accepta,Asteraceae,Silphium,
Andrena_accepta,Asteraceae,Solidago,
Andrena_accepta,Fabaceae,,
Andrena_afimbriata,Asteraceae,Berlandiera,
Andrena_afimbriata,Asteraceae,Pyrrhopappus,
Andrena_afimbriata,Asteraceae,,
Andrena_agilissima,Brassicaceae,Raphanus,Raphanus raphanistrum
Andrena_agilissima,Brassicaceae,Sinapis,Sinapis arvensis
Andrena_agilissima,Boraginaceae,Borago,Borago officinalis
Andrena_agilissima,Brassicaceae,Sinapis,Sinapis alba
Andrena_agilissima,Brassicaceae,Sinapis,Sinapis arvensis
Andrena_agilissima,Brassicaceae,Barbarea,Barbarea vulgaris
Andrena_agilissima,Brassicaceae,Brassica,Brassica rapa
Andrena_agilissima,Brassicaceae,Raphanus,Raphanus raphanistrum
Andrena_agoseridis,Asteraceae,Agoseris,
Andrena_alamonis,Brassicaceae,Lesquerella,
Andrena_alfkenella,Apiaceae,Angelica,Angelica sylvestris
Andrena_alfkenella,Boraginaceae,Borago,Borago officinalis
Andrena_alfkenella,Brassicaceae,Brassica,Brassica rapa
Andrena_alfkenella,Brassicaceae,Cardamine,Cardamine pratensis
Andrena_alfkenella,Brassicaceae,Cardaria,Cardaria draba
Andrena_alfkenella,Apiaceae,Daucus,Daucus carota
Andrena_alfkenella,Apiaceae,Falcaria,Falcaria vulgaris
Andrena_alfkenella,Rosaceae,Fragaria,Fragaria vesca
Andrena_alfkenella,Apiaceae,Pastinaca,Pastinaca sativa
Andrena_alfkenella,Rosaceae,Potentilla,Potentilla neumanniana
Andrena_alfkenella,Brassicaceae,Sinapis,Sinapis arvensis
Andrena_alfkenella,Brassicaceae,Thlaspi,Thlaspi arvense
Andrena_alfkenella,Plantaginaceae,Veronica,Veronica chamaedrys
Andrena_algida,Salicaceae,Salix,
Andrena_aliciae,Asteraceae,Helianthus,
Andrena_aliciae,Asteraceae,Bidens,
Andrena_aliciae,Asteraceae,Rudbeckia,
Andrena_aliciae,Asteraceae,Silphium,
Andrena_aliciae,Asteraceae,Solidago,
Andrena_aliciae,Asteraceae,Symphyotrichum,
Andrena_aliciae,Asteraceae,Helianthus,
Andrena_aliciarum,Asteraceae,Hymenothrix,
Andrena_aliciarum,Asteraceae,Pectis,
Andrena_alleghaniensis,Rosaceae,,
Andrena_alleghaniensis,Adoxaceae,,
Andrena_alleghaniensis,Brassicaceae,,
Andrena_alleghaniensis,Salicaceae,,
Andrena_alleghaniensis,Apiaceae,,
Andrena_alutacea,Apiaceae,,
Andrena_anatolis,Onagraceae,Camissonia,
Andrena_andrenoides,Salicaceae,Salix,
Andrena_angustior,Rosaceae,Fragaria,Fragaria x ananassa
Andrena_angustior,Asparagaceae,Hyacinthoides,Hyacinthoides
Andrena_angustior,Aquifoliaceae,Ilex,Ilex aquifolium
Andrena_angustior,Boraginaceae,Borago,Borago officinalis
Andrena_angustior,Ranunculaceae,Ranunculus,Ranunculus acris
Andrena_angustior,Caryophyllaceae,Stellaria,Stellaria holostea
Andrena_angustior,Plantaginaceae,Veronica,Veronica chamaedrys
Andrena_angustior,Campanulaceae,Campanula,
Andrena_angustior,Amaryllidaceae,Narcissus,
Andrena_angustitarsata,Rosaceae,,
Andrena_angustitarsata,Apiaceae,,
Andrena_annectens,Salicaceae,Salix,
Andrena_anograe,Onagraceae,Oenothera,
Andrena_anograe,Cactaceae,Opuntia,
Andrena_anthrisci,Apiaceae,Anthriscus,Anthriscus sylvestris
Andrena_anthrisci,Plantaginaceae,Veronica,Veronica chamaedrys
Andrena_apacheorum,Asteraceae,Cirsium,
Andrena_apacheorum,Asteraceae,Ericameria,
Andrena_apacheorum,Asteraceae,Erigeron,
Andrena_apacheorum,Asteraceae,Solidago,
Andrena_apasta,Onagraceae,Camissonia,
Andrena_apicata,Salicaceae,Salix,Salix alba
Andrena_apicata,Salicaceae,Salix,Salix aurita
Andrena_apicata,Salicaceae,Salix,Salix caprea
Andrena_apicata,Salicaceae,Salix,Salix cinerea
Andrena_apicata,Salicaceae,Salix,Salix fragilis
Andrena_apicata,Salicaceae,Salix,Salix hastata
Andrena_apicata,Salicaceae,Salix,Salix helvetica
Andrena_apicata,Rosaceae,Prunus,Prunus spinosa
Andrena_apicata,Rosaceae,Prunus,Prunus avium
Andrena_arabis,Brassicaceae,Arabis,
Andrena_arabis,Brassicaceae,Cardamine,
Andrena_arctostaphylae,Ericaceae,Arctostaphylos,
Andrena_ardis,Asteraceae,Chrysothamnus,
Andrena_ardis,Asteraceae,Gutierrezia,
Andrena_ardis,Asteraceae,,
Andrena_arenicola,Salicaceae,Salix,
Andrena_argentata,Fagaceae,Castanea,Castanea sativa
Andrena_argentata,Ericaceae,Erica,Erica cinerea
Andrena_argentata,Ericaceae,Calluna,Calluna vulgaris
Andrena_argentata,Boraginaceae,Borago,Borago officinalis
Andrena_argentata,Ericaceae,Calluna,Calluna vulgaris
Andrena_argentata,Rosaceae,Crataegus,Crataegus laevigata
Andrena_argentata,Apiaceae,Daucus,Daucus carota
Andrena_argentata,Apiaceae,Eryngium,Eryngium campestre
Andrena_argentata,Apiaceae,Falcaria,Falcaria vulgaris
Andrena_argentata,Apiaceae,Heracleum,Heracleum sphondylium
Andrena_argentata,Asteraceae,Hieracium,Hieracium pilosella
Andrena_argentata,Rosaceae,Potentilla,Potentilla neumanniana
Andrena_argentata,Salicaceae,Salix,Salix alba
Andrena_argentata,Brassicaceae,Sinapis,Sinapis arvensis
Andrena_argentata,Asteraceae,Taraxacum,Taraxacum officinale
Andrena_argentata,Malvaceae,Tilia,Tilia cordata
Andrena_assimilis,Asteraceae,Centaurea,Centaurea scabiosa
Andrena_assimilis,Asteraceae,Centaurea,Centaurea stoebe
Andrena_assimilis,Boraginaceae,Echium,Echium vulgare
Andrena_assimilis,Apiaceae,Heracleum,Heracleum sphondylium
Andrena_assimilis,Campanulaceae,Jasione,Jasione montana
Andrena_asteris,Asteraceae,Solidago,
Andrena_asteris,Asteraceae,Symphyotrichum,
Andrena_asteris,Asteraceae,Aster,
Andrena_asteris,Asteraceae,,
Andrena_asteroides,Asteraceae,Symphyotrichum,
Andrena_asteroides,Asteraceae,Aster,
Andrena_asteroides,Asteraceae,,
Andrena_astragali,Liliaceae,Toxicoscordion,Toxicoscordion paniculatum
Andrena_astragali,Melanthiaceae,,
Andrena_atrata,Apiaceae,,
Andrena_aurihirta,Asteraceae,Baccharis,
Andrena_aurihirta,Asteraceae,Chrysothamnus,
Andrena_aurihirta,Asteraceae,Ericameria,
Andrena_aurihirta,Asteraceae,Gutierrezia,
Andrena_aurihirta,Asteraceae,Isocoma,
Andrena_aurihirta,Asteraceae,Solidago,
Andrena_auripes,Asteraceae,,
Andrena_baeriae,Asteraceae,Lasthenia,
Andrena_balsamorhizae,Asteraceae,Balsamorhiza,
Andrena_balsamorhizae,Asteraceae,Enceliopsis,
Andrena_balsamorhizae,Asteraceae,,
Andrena_balsamorhizae,Asteraceae,,
Andrena_barbareae,Brassicaceae,Biscutella,Biscutella laevigata
Andrena_barbareae,Cistaceae,Helianthemum,Helianthemum nummularium
Andrena_barbareae,Brassicaceae,Isatis,Isatis tinctoria
Andrena_barberi,Asteraceae,Bidens,
Andrena_barberi,Asteraceae,Heterotheca,
Andrena_barberi,Asteraceae,Rudbeckia,
Andrena_barberi,Asteraceae,Solidago,
Andrena_barbilabris,Sapindaceae,Acer,Acer pseudoplatanus
Andrena_barbilabris,Cornaceae,Cornus,Cornus sanguinea
Andrena_barbilabris,Rosaceae,Crataegus,Crataegus monogyna
Andrena_barbilabris,Brassicaceae,Sinapis,Sinapis alba
Andrena_barbilabris,Fagaceae,Quercus,Quercus robur
Andrena_barbilabris,Sapindaceae,Acer,Acer campestre
Andrena_barbilabris,Sapindaceae,Acer,Acer pseudoplatanus
Andrena_barbilabris,Apiaceae,Aegopodium,Aegopodium podagraria
Andrena_barbilabris,Apiaceae,Anthriscus,Anthriscus sylvestris
Andrena_barbilabris,Boraginaceae,Borago,Borago officinalis
Andrena_barbilabris,Apiaceae,Chaerophyllum,Chaerophyllum temulum
Andrena_barbilabris,Cornaceae,Cornus,Cornus sanguinea
Andrena_barbilabris,Rosaceae,Crataegus,Crataegus monogyna
Andrena_barbilabris,Asteraceae,Crepis,Crepis biennis
Andrena_barbilabris,Apiaceae,Heracleum,Heracleum sphondylium
Andrena_barbilabris,Asteraceae,Hypochaeris,Hypochaeris radicata
Andrena_barbilabris,Aquifoliaceae,Ilex,Ilex aquifolium
Andrena_barbilabris,Campanulaceae,Jasione,Jasione montana
Andrena_barbilabris,Oleaceae,Ligustrum,Ligustrum vulgare
Andrena_barbilabris,Rosaceae,Prunus,Prunus avium
Andrena_barbilabris,Ranunculaceae,Ranunculus,Ranunculus bulbosus
Andrena_barbilabris,Rosaceae,Rosa,Rosa canina
Andrena_barbilabris,Salicaceae,Salix,Salix purpurea
Andrena_barbilabris,Brassicaceae,Sinapis,Sinapis alba
Andrena_barbilabris,Brassicaceae,Sinapis,Sinapis arvensis
Andrena_barbilabris,Asteraceae,Taraxacum,Taraxacum officinale
Andrena_barbilabris,Plantaginaceae,Veronica,Veronica chamaedrys
Andrena_barbilabris,Rosaceae,Potentilla,
Andrena_batava,Salicaceae,Salix,
Andrena_beameri,Asteraceae,Coreopsis,
Andrena_beameri,Asteraceae,Echinacea,
Andrena_beameri,Asteraceae,,
Andrena_bendensis,Asteraceae,Ericameria,
Andrena_berberidis,Grossulariaceae,Ribes,
Andrena_berkeleyi,Asteraceae,Engelmannia,
Andrena_berkeleyi,Asteraceae,Hymenoxys,
Andrena_berkeleyi,Asteraceae,Tetraneuris,
Andrena_berkeleyi,Asteraceae,,
Andrena_bernardina,Onagraceae,Clarkia,
Andrena_bicolor,Cucurbitaceae,Bryonia,Bryonia dioica
Andrena_bicolor,Primulaceae,Primula,Primula vulgaris
Andrena_bicolor,Ranunculaceae,Ranunculus,Ranunculus ficaria
Andrena_bicolor,Apiaceae,Heracleum,Heracleum sphondylium
Andrena_bicolor,Brassicaceae,Cardamine,Cardamine pratensis
Andrena_bicolor,Rosaceae,Potentilla,Potentilla neumanniana
Andrena_bicolor,Ranunculaceae,Ranunculus,Ranunculus acris
Andrena_bicolor,Ranunculaceae,Ranunculus,Ranunculus ficaria
Andrena_bicolor,Salicaceae,Salix,Salix aurita
Andrena_bicolor,Solanaceae,Atropa,Atropa belladonna
Andrena_bicolor,Lamiaceae,Ballota,Ballota nigra
Andrena_bicolor,Asteraceae,Bellis,Bellis perennis
Andrena_bicolor,Boraginaceae,Borago,Borago officinalis
Andrena_bicolor,Brassicaceae,Brassica,Brassica oleracea
Andrena_bicolor,Cucurbitaceae,Bryonia,Bryonia dioica
Andrena_bicolor,Campanulaceae,Campanula,Campanula cervicaria
Andrena_bicolor,Campanulaceae,Campanula,Campanula glomerata
Andrena_bicolor,Campanulaceae,Campanula,Campanula patula
Andrena_bicolor,Campanulaceae,Campanula,Campanula persicifolia
Andrena_bicolor,Campanulaceae,Campanula,Campanula poscharskyana
Andrena_bicolor,Campanulaceae,Campanula,Campanula rapunculoides
Andrena_bicolor,Campanulaceae,Campanula,Campanula rapunculus
Andrena_bicolor,Campanulaceae,Campanula,Campanula rotundifolia
Andrena_bicolor,Campanulaceae,Campanula,Campanula trachelium
Andrena_bicolor,Convolvulaceae,Convolvulus,Convolvulus arvensis
Andrena_bicolor,Rosaceae,Crataegus,Crataegus laevigata
Andrena_bicolor,Asteraceae,Crepis,Crepis capillaris
Andrena_bicolor,Geraniaceae,Geranium,Geranium robertianum
Andrena_bicolor,Geraniaceae,Geranium,Geranium sylvaticum
Andrena_bicolor,Ranunculaceae,Helleborus,Helleborus foetidus
Andrena_bicolor,Hypericaceae,Hypericum,Hypericum perforatum
Andrena_bicolor,Asteraceae,Hypochaeris,Hypochaeris radicata
Andrena_bicolor,Campanulaceae,Jasione,Jasione montana
Andrena_bicolor,Asteraceae,Leontodon,Leontodon autumnalis
Andrena_bicolor,Brassicaceae,Lunaria,Lunaria annua
Andrena_bicolor,Caryophyllaceae,Lychnis,Lychnis flos-cuculi
Andrena_bicolor,Asparagaceae,Ornithogalum,Ornithogalum umbellatum
Andrena_bicolor,Primulaceae,Primula,Primula elatior
Andrena_bicolor,Primulaceae,Primula,Primula veris
Andrena_bicolor,Primulaceae,Primula,Primula vulgaris
Andrena_bicolor,Rosaceae,Prunus,Prunus domestica
Andrena_bicolor,Rosaceae,Prunus,Prunus spinosa
Andrena_bicolor,Boraginaceae,Pulmonaria,Pulmonaria officinalis
Andrena_bicolor,Rosaceae,Rosa,Rosa canina
Andrena_bicolor,Rosaceae,Rubus,Rubus fruticosus
Andrena_bicolor,Salicaceae,Salix,Salix caprea
Andrena_bicolor,Salicaceae,Salix,Salix cinerea
Andrena_bicolor,Salicaceae,Salix,Salix purpurea
Andrena_bicolor,Salicaceae,Salix,Salix repens
Andrena_bicolor,Asparagaceae,Scilla,Scilla siberica
Andrena_bicolor,Brassicaceae,Sinapis,Sinapis arvensis
Andrena_bicolor,Rosaceae,Spiraea,Spiraea salicifolia
Andrena_bicolor,Asteraceae,Taraxacum,Taraxacum officinale
Andrena_bicolor,Asteraceae,Tussilago,Tussilago farfara
Andrena_bicolor,Plantaginaceae,Veronica,Veronica chamaedrys
Andrena_bicolor,Plantaginaceae,Veronica,Veronica officinalis
Andrena_bimaculata,Fagaceae,Castanea,Castanea sativa
Andrena_bimaculata,Rosaceae,Crataegus,Crataegus monogyna
Andrena_bimaculata,Rosaceae,Filipendula,Filipendula ulmaria
Andrena_bimaculata,Rosaceae,Rubus,Rubus fruticosus
Andrena_bimaculata,Salicaceae,Salix,Salix triandra
Andrena_bimaculata,Amaryllidaceae,Allium,Allium cepa
Andrena_bimaculata,Boraginaceae,Borago,Borago officinalis
Andrena_bimaculata,Asteraceae,Picris,Picris hieracioides
Andrena_bimaculata,Rosaceae,Prunus,Prunus spinosa
Andrena_bimaculata,Rosaceae,Rubus,Rubus fruticosus
Andrena_bimaculata,Brassicaceae,Sinapis,Sinapis arvensis
Andrena_bimaculata,Brassicaceae,Sisymbrium,Sisymbrium officinale
Andrena_bimaculata,Rosaceae,Fragaria,
Andrena_bimaculata,Rosaceae,Spiraea,
Andrena_bimaculata,Malvaceae,Tilia,
Andrena_birtwelli,Rosaceae,Potentilla,
Andrena_bisalicis,Salicaceae,Salix,
Andrena_biscutellata,Asteraceae,Gaillardia,
Andrena_biscutellata,Asteraceae,,
Andrena_blaisdelli,Onagraceae,Camissonia,
Andrena_blennospermatis,Asteraceae,Blennosperma,Blennosperma nanum
Andrena_blennospermatis,Asteraceae,Blennosperma,Blennosperma bakeri
Andrena_blennospermatis,Asteraceae,Lasthenia,
Andrena_bocensis,Asteraceae,Solidago,
Andrena_boronensis,Onagraceae,Camissonia,
Andrena_braccata,Asteraceae,Euthamia,
Andrena_braccata,Asteraceae,Solidago,
Andrena_bradleyi,Ericaceae,Kalmia,
Andrena_bradleyi,Ericaceae,Vaccinium,
Andrena_bradleyi,Ericaceae,Chamaedaphne,
Andrena_brevipalpis,Anacardiaceae,Rhus,
Andrena_brooksi,Asteraceae,Simsia,
Andrena_bucculenta,Salicaceae,Salix,
Andrena_bucephala,Rosaceae,Crataegus,Crataegus monogyna
Andrena_bucephala,Sapindaceae,Acer,Acer campestre
Andrena_bucephala,Sapindaceae,Acer,Acer pseudoplatanus
Andrena_bucephala,Rosaceae,Crataegus,Crataegus laevigata
Andrena_bucephala,Rosaceae,Prunus,Prunus avium
Andrena_bucephala,Rosaceae,Prunus,Prunus spinosa
Andrena_bucephala,Salicaceae,Salix,Salix caprea
Andrena_bucephala,Apiaceae,Anthriscus,
Andrena_buckelli,Fabaceae,,
Andrena_bullata,Asteraceae,Heterotheca,
Andrena_caerulea,Ranunculaceae,Ranunculus,
Andrena_caliginosa,Grossulariaceae,Ribes,
Andrena_calvata,Asteraceae,Viguiera,
Andrena_camissoniae,Onagraceae,Camissonia,
Andrena_canadensis,Asteraceae,Solidago,
Andrena_canadensis,Asteraceae,Symphyotrichum,
Andrena_canadensis,Asteraceae,Chrysothamnus,
Andrena_canadensis,Asteraceae,Eurybia,
Andrena_canadensis,Asteraceae,Grindelia,
Andrena_canadensis,Asteraceae,Gutierrezia,
Andrena_candidiformis,Rhamnaceae,Ceanothus,
Andrena_candidiformis,Apiaceae,Lomatium,
Andrena_capricornis,Brassicaceae,Descurainia,
Andrena_capricornis,Brassicaceae,Lepidium,
Andrena_capricornis,Brassicaceae,Lesquerella,
Andrena_capricornis,Brassicaceae,Physaria,
Andrena_carlini,Rosaceae,,
Andrena_carlini,Salicaceae,,
Andrena_carlini,Ericaceae,,
Andrena_carlini,Fagaceae,,
Andrena_carlini,Brassicaceae,,
Andrena_carlini,Sapindaceae,,
Andrena_carolina,Ericaceae,Gaylussacia,
Andrena_carolina,Ericaceae,Vaccinium,
Andrena_ceanothi,Ericaceae,Vaccinium,
Andrena_ceanothi,Rosaceae,Rubus,
Andrena_ceanothi,Rhamnaceae,,
Andrena_ceanothi,Anacardiaceae,,
Andrena_ceanothi,Salicaceae,,
Andrena_ceanothi,Cornaceae,,
Andrena_chalybaea,Onagraceae,Camissonia,Camissonia ovata
Andrena_chalybioides,Asteraceae,Agoseris,
Andrena_chaparralensis,Asteraceae,Aphanostephus,
Andrena_chaparralensis,Asteraceae,Astranthium,
Andrena_chapmanae,Boraginaceae,Cryptantha,
Andrena_chapmanae,Boraginaceae,Hackelia,
Andrena_cheyennorum,Caprifoliaceae,Symphoricarpos,
Andrena_chlorosoma,Asteraceae,Agoseris,
Andrena_chromotricha,Asteraceae,Grindelia,
Andrena_chromotricha,Asteraceae,Helianthus,
Andrena_chromotricha,Asteraceae,Solidago,
Andrena_chromotricha,Asteraceae,Symphyotrichum,
Andrena_chrysopus,Fabaceae,Anthyllis,Anthyllis vulneraria
Andrena_chrysopus,Asparagaceae,Asparagus,
Andrena_chrysopyga,Asteraceae,Achillea,Achillea millefolium
Andrena_chrysopyga,Apiaceae,Anthriscus,Anthriscus sylvestris
Andrena_chrysopyga,Brassicaceae,Berteroa,Berteroa incana
Andrena_chrysopyga,Apiaceae,Heracleum,Heracleum sphondylium
Andrena_chrysopyga,Asteraceae,Hieracium,Hieracium pilosella
Andrena_chrysopyga,Plantaginaceae,Plantago,Plantago lanceolata
Andrena_chrysopyga,Ranunculaceae,Ranunculus,Ranunculus acris
Andrena_chrysopyga,Brassicaceae,Sinapis,Sinapis arvensis
Andrena_chrysopyga,Brassicaceae,Sisymbrium,Sisymbrium orientale
Andrena_chrysopyga,Asteraceae,Taraxacum,Taraxacum officinale
Andrena_chrysopyga,Fabaceae,Trifolium,Trifolium pratense
Andrena_chrysopyga,Fabaceae,Vicia,Vicia sepium
Andrena_chrysosceles,Apiaceae,Heracleum,Heracleum sphondylium
Andrena_chrysosceles,Apiaceae,Chaerophyllum,Chaerophyllum temulum
Andrena_chrysosceles,Rosaceae,Crataegus,Crataegus monogyna
Andrena_chrysosceles,Brassicaceae,Brassica,Brassica napus
Andrena_chrysosceles,Brassicaceae,Sisymbrium,Sisymbrium officinale
Andrena_chrysosceles,Brassicaceae,Cardamine,Cardamine pratensis
Andrena_chrysosceles,Sapindaceae,Acer,Acer campestre
Andrena_chrysosceles,Apiaceae,Aegopodium,Aegopodium podagraria
Andrena_chrysosceles,Apiaceae,Anthriscus,Anthriscus sylvestris
Andrena_chrysosceles,Brassicaceae,Barbarea,Barbarea vulgaris
Andrena_chrysosceles,Boraginaceae,Borago,Borago officinalis
Andrena_chrysosceles,Brassicaceae,Brassica,Brassica rapa
Andrena_chrysosceles,Brassicaceae,Bunias,Bunias orientalis
Andrena_chrysosceles,Apiaceae,Chaerophyllum,Chaerophyllum temulum
Andrena_chrysosceles,Cornaceae,Cornus,Cornus sanguinea
Andrena_chrysosceles,Rosaceae,Crataegus,Crataegus laevigata
Andrena_chrysosceles,Asteraceae,Crepis,Crepis biennis
Andrena_chrysosceles,Cistaceae,Helianthemum,Helianthemum nummularium
Andrena_chrysosceles,Apiaceae,Heracleum,Heracleum sphondylium
Andrena_chrysosceles,Aquifoliaceae,Ilex,Ilex aquifolium
Andrena_chrysosceles,Apiaceae,Laserpitium,Laserpitium siler
Andrena_chrysosceles,Brassicaceae,Isatis,Isatis tinctoria
Andrena_chrysosceles,Apiaceae,Orlaya,Orlaya grandiflora
Andrena_chrysosceles,Rosaceae,Potentilla,Potentilla neumanniana
Andrena_chrysosceles,Ranunculaceae,Ranunculus,Ranunculus acris
Andrena_chrysosceles,Ranunculaceae,Ranunculus,Ranunculus bulbosus
Andrena_chrysosceles,Rosaceae,Rosa,Rosa canina
Andrena_chrysosceles,Salicaceae,Salix,Salix purpurea
Andrena_chrysosceles,Crassulaceae,Sedum,Sedum album
Andrena_chrysosceles,Brassicaceae,Sinapis,Sinapis alba
Andrena_chrysosceles,Brassicaceae,Sinapis,Sinapis arvensis
Andrena_chrysosceles,Brassicaceae,Sisymbrium,Sisymbrium officinale
Andrena_chrysosceles,Asteraceae,Taraxacum,Taraxacum officinale
Andrena_chrysosceles,Plantaginaceae,Veronica,Veronica chamaedrys
Andrena_chrysosceles,Plantaginaceae,Veronica,Veronica teucrium
Andrena_chrysosceles,Plantaginaceae,Veronica,Veronica teucrium
Andrena_chrysosceles,Apiaceae,Oenanthe,
Andrena_chylismiae,Onagraceae,Camissonia,
Andrena_cineraria,Brassicaceae,Sisymbrium,Sisymbrium officinale
Andrena_cineraria,Brassicaceae,Sinapis,Sinapis alba
Andrena_cineraria,Rosaceae,Crataegus,Crataegus monogyna
Andrena_cineraria,Rosaceae,Prunus,Prunus spinosa
Andrena_cineraria,Apiaceae,Heracleum,Heracleum sphondylium
Andrena_cineraria,Viburnaceae,Sambucus,Sambucus nigra
Andrena_cineraria,Asparagaceae,Anthericum,Anthericum ramosum
Andrena_cineraria,Boraginaceae,Borago,Borago officinalis
Andrena_cineraria,Brassicaceae,Bunias,Bunias orientalis
Andrena_cineraria,Brassicaceae,Cardamine,Cardamine pratensis
Andrena_cineraria,Brassicaceae,Cardaria,Cardaria draba
Andrena_cineraria,Apiaceae,Chaerophyllum,Chaerophyllum temulum
Andrena_cineraria,Brassicaceae,Isatis,Isatis tinctoria
Andrena_cineraria,Rosaceae,Prunus,Prunus spinosa
Andrena_cineraria,Ranunculaceae,Ranunculus,Ranunculus acris
Andrena_cineraria,Ranunculaceae,Ranunculus,Ranunculus bulbosus
Andrena_cineraria,Rosaceae,Rosa,Rosa canina
Andrena_cineraria,Salicaceae,Salix,Salix alba
Andrena_cineraria,Salicaceae,Salix,Salix aurita
Andrena_cineraria,Salicaceae,Salix,Salix caprea
Andrena_cineraria,Salicaceae,Salix,Salix cinerea
Andrena_cineraria,Salicaceae,Salix,Salix purpurea
Andrena_cineraria,Brassicaceae,Sinapis,Sinapis arvensis
Andrena_cineraria,Asteraceae,Taraxacum,Taraxacum officinale
Andrena_cineraria,Sapindaceae,Acer,
Andrena_cineraria,Brassicaceae,Brassica,
Andrena_cineraria,Adoxaceae,,
Andrena_citrinihirta,Asteraceae,Baccharis,
Andrena_citrinihirta,Asteraceae,Ericameria,
Andrena_citrinihirta,Asteraceae,Euthamia,
Andrena_citrinihirta,Asteraceae,Isocoma,
Andrena_citrinihirta,Asteraceae,Solidago,
Andrena_clarkella,Salicaceae,Salix,Salix appendiculata
Andrena_clarkella,Salicaceae,Salix,Salix aurita
Andrena_clarkella,Salicaceae,Salix,Salix caprea
Andrena_clarkella,Salicaceae,Salix,Salix cinerea
Andrena_clarkella,Salicaceae,Salix,Salix purpurea
Andrena_clarkella,Salicaceae,Salix,Salix repens
Andrena_clarkella,Salicaceae,Salix,Salix viminalis
Andrena_cleodora,Rhamnaceae,Ceanothus,
Andrena_coitana,Apiaceae,Heracleum,Heracleum sphondylium
Andrena_coitana,Gentianaceae,Centaurium,Centaurium erythraea
Andrena_coitana,Campanulaceae,Campanula,Campanula rotundifolia
Andrena_coitana,Asteraceae,Cirsium,Cirsium palustre
Andrena_coitana,Asteraceae,Centaurea,Centaurea nigra
Andrena_coitana,Asteraceae,Leontodon,Leontodon hispidus
Andrena_coitana,Apiaceae,Angelica,Angelica sylvestris
Andrena_coitana,Campanulaceae,Campanula,Campanula trachelium
Andrena_coitana,Asteraceae,Centaurea,Centaurea jacea
Andrena_coitana,Asteraceae,Centaurea,Centaurea nigra
Andrena_coitana,Asteraceae,Centaurea,Centaurea scabiosa
Andrena_coitana,Asteraceae,Cichorium,Cichorium intybus
Andrena_coitana,Asteraceae,Cirsium,Cirsium vulgare
Andrena_coitana,Apiaceae,Daucus,Daucus carota
Andrena_coitana,Caryophyllaceae,Dianthus,Dianthus carthusianorum
Andrena_coitana,Orobanchaceae,Euphrasia,Euphrasia rostkoviana
Andrena_coitana,Hypericaceae,Hypericum,Hypericum perforatum
Andrena_coitana,Campanulaceae,Jasione,Jasione montana
Andrena_coitana,Asteraceae,Leontodon,Leontodon autumnalis
Andrena_coitana,Asteraceae,Picris,Picris hieracioides
Andrena_coitana,Rosaceae,Potentilla,Potentilla anserina
Andrena_coitana,Rosaceae,Potentilla,Potentilla erecta
Andrena_coitana,Lamiaceae,Salvia,Salvia nemorosa
Andrena_coitana,Rosaceae,Rubus,
Andrena_coitana,Asteraceae,Crepis,
Andrena_coitana,Cistaceae,Helianthemum,
Andrena_coitana,Asteraceae,Crepis,
Andrena_coitana,Asteraceae,,
Andrena_coitana,Asteraceae,,
Andrena_coitana,Asteraceae,,
Andrena_coitana,Scrophulariaceae,,
Andrena_colletina,Asteraceae,Chrysothamnus,
Andrena_colletina,Asteraceae,Ericameria,
Andrena_colletina,Asteraceae,Solidago,
Andrena_columbiana,Asteraceae,Heterotheca,
Andrena_columbiana,Asteraceae,Solidago,
Andrena_combaella,Asteraceae,,
Andrena_combinata,Asteraceae,Achillea,Achillea millefolium
Andrena_combinata,Apiaceae,Aegopodium,Aegopodium podagraria
Andrena_combinata,Apiaceae,Anthriscus,Anthriscus sylvestris
Andrena_combinata,Boraginaceae,Borago,Borago officinalis
Andrena_combinata,Apiaceae,Heracleum,Heracleum sphondylium
Andrena_combinata,Hypericaceae,Hypericum,Hypericum perforatum
Andrena_combinata,Fabaceae,Onobrychis,Onobrychis viciifolia
Andrena_combinata,Plantaginaceae,Plantago,Plantago major
Andrena_combinata,Rosaceae,Potentilla,Potentilla reptans
Andrena_combinata,Ranunculaceae,Ranunculus,Ranunculus bulbosus
Andrena_combinata,Crassulaceae,Sedum,Sedum acre
Andrena_combinata,Brassicaceae,Sinapis,Sinapis arvensis
Andrena_combinata,Fabaceae,Trifolium,Trifolium montanum
Andrena_combinata,Cistaceae,Helianthemum,Helianthemum nummularium
Andrena_commoda,Rosaceae,,
Andrena_commoda,Anacardiaceae,,
Andrena_commoda,Rhamnaceae,,
Andrena_commoda,Ranunculaceae,,
Andrena_compositarum,Asteraceae,Layia,
Andrena_concinnula,Salicaceae,Salix,
Andrena_congruens,Sapindaceae,Acer,Acer campestre
Andrena_congruens,Apiaceae,Anthriscus,Anthriscus sylvestris
Andrena_congruens,Boraginaceae,Borago,Borago officinalis
Andrena_congruens,Apiaceae,Daucus,Daucus carota
Andrena_congruens,Apiaceae,Heracleum,Heracleum sphondylium
Andrena_congruens,Fabaceae,Medicago,Medicago sativa
Andrena_congruens,Plantaginaceae,Plantago,Plantago major
Andrena_congruens,Rosaceae,Prunus,Prunus spinosa
Andrena_congruens,Fagaceae,Quercus,Quercus robur
Andrena_congruens,Ranunculaceae,Ranunculus,Ranunculus ficaria
Andrena_congruens,Salicaceae,Salix,Salix caprea
Andrena_congruens,Caprifoliaceae,Valeriana,Valeriana officinalis
Andrena_cornelli,Ericaceae,Rhododendron,
Andrena_costillensis,Asteraceae,Agoseris,
Andrena_costillensis,Asteraceae,Chrysothamnus,
Andrena_costillensis,Asteraceae,Erigeron,
Andrena_costillensis,Asteraceae,Grindelia,
Andrena_costillensis,Asteraceae,Heliomeris,
Andrena_costillensis,Asteraceae,Heterotheca,
Andrena_cragini,Fabaceae,Amorpha,
Andrena_crataegi,Rosaceae,Spiraea,Spiraea latifolia
Andrena_crataegi,Rhamnaceae,,
Andrena_crataegi,Anacardiaceae,,
Andrena_crataegi,Fabaceae,,
Andrena_crataegi,Salicaceae,,
Andrena_crawfordi,Asteraceae,Pyrrhopappus,
Andrena_cressonii,Salicaceae,,
Andrena_cressonii,Rosaceae,,
Andrena_cressonii,Anacardiaceae,,
Andrena_cressonii,Sapindaceae,,
Andrena_cristata,Ericaceae,Arctostaphylos,
Andrena_crudeni,Hydrophyllaceae,Nemophila,
Andrena_cryptanthae,Boraginaceae,Cryptantha,
Andrena_cryptanthae,Boraginaceae,Hackelia,
Andrena_cuneilabris,Ranunculaceae,Ranunculus,
Andrena_curvungula,Campanulaceae,Campanula,Campanula patula
Andrena_curvungula,Campanulaceae,Campanula,Campanula sibirica
Andrena_curvungula,Campanulaceae,Campanula,Campanula glomerata
Andrena_curvungula,Campanulaceae,Campanula,Campanula persicifolia
Andrena_curvungula,Campanulaceae,Campanula,Campanula poscharskyana
Andrena_curvungula,Campanulaceae,Campanula,Campanula rapunculus
Andrena_curvungula,Campanulaceae,Campanula,Campanula rotundifolia
Andrena_curvungula,Campanulaceae,Phyteuma,Phyteuma orbiculare
Andrena_cyanosoma,Onagraceae,Camissonia,
Andrena_dapsilis,Brassicaceae,Lepidium,
Andrena_dapsilis,Brassicaceae,Lesquerella,
Andrena_dapsilis,Brassicaceae,Physaria,
Andrena_decipiens,Fabaceae,Medicago,Medicago sativa
Andrena_decipiens,Fabaceae,Melilotus,Melilotus albus
Andrena_decipiens,Fabaceae,Trifolium,Trifolium pratense
Andrena_decipiens,Fabaceae,Trifolium,Trifolium repens
Andrena_decipiens,Fabaceae,Vicia,Vicia sepium
Andrena_decolorata,Onagraceae,Camissonia,
Andrena_denticulata,Asteraceae,Senecio,Senecio jacobaea
Andrena_denticulata,Asteraceae,Centaurea,Centaurea nigra
Andrena_denticulata,Asteraceae,Leucanthemum,Leucanthemum x superbum
Andrena_denticulata,Asteraceae,Achillea,Achillea millefolium
Andrena_denticulata,Asteraceae,Centaurea,Centaurea jacea
Andrena_denticulata,Asteraceae,Centaurea,Centaurea stoebe
Andrena_denticulata,Asteraceae,Cirsium,Cirsium vulgare
Andrena_denticulata,Asteraceae,Hieracium,Hieracium umbellatum
Andrena_denticulata,Asteraceae,Hypochaeris,Hypochaeris radicata
Andrena_denticulata,Asteraceae,Leontodon,Leontodon autumnalis
Andrena_denticulata,Asteraceae,Picris,Picris hieracioides
Andrena_denticulata,Asteraceae,Pulicaria,Pulicaria dysenterica
Andrena_denticulata,Asteraceae,Senecio,Senecio jacobaea
Andrena_denticulata,Asteraceae,Solidago,Solidago canadensis
Andrena_denticulata,Asteraceae,Tanacetum,Tanacetum vulgare
Andrena_denticulata,Asteraceae,Cichorium,Cichorium intybus
Andrena_denticulata,Asteraceae,Solidago,Solidago virgaurea
Andrena_denticulata,Asteraceae,Anthemis,
Andrena_deserticola,Onagraceae,Camissonia,
Andrena_dissimulans,Asteraceae,Lasthenia,
Andrena_dissona,Asteraceae,Lasthenia,
Andrena_dissona,Asteraceae,Layia,
Andrena_distans,Geraniaceae,Geranium,
Andrena_distinguenda,Brassicaceae,Barbarea,Barbarea vulgaris
Andrena_distinguenda,Boraginaceae,Borago,Borago officinalis
Andrena_distinguenda,Brassicaceae,Brassica,Brassica rapa
Andrena_distinguenda,Brassicaceae,Capsella,Capsella bursa-pastoris
Andrena_distinguenda,Brassicaceae,Cardaria,Cardaria draba
Andrena_distinguenda,Brassicaceae,Isatis,Isatis tinctoria
Andrena_distinguenda,Brassicaceae,Raphanus,Raphanus raphanistrum
Andrena_distinguenda,Brassicaceae,Sinapis,Sinapis arvensis
Andrena_dorsata,Fagaceae,Castanea,Castanea sativa
Andrena_dorsata,Apiaceae,Heracleum,Heracleum sphondylium
Andrena_dorsata,Brassicaceae,Alliaria,Alliaria petiolata
Andrena_dorsata,Brassicaceae,Berteroa,Berteroa incana
Andrena_dorsata,Asteraceae,Centaurea,Centaurea nigra
Andrena_dorsata,Rosaceae,Filipendula,Filipendula ulmaria
Andrena_dorsata,Rosaceae,Potentilla,Potentilla erecta
Andrena_dorsata,Rosaceae,Rubus,Rubus idaeus
Andrena_dorsata,Rosaceae,Rubus,Rubus fruticosus
Andrena_dorsata,Asteraceae,Achillea,Achillea millefolium
Andrena_dorsata,Brassicaceae,Alyssum,Alyssum montanum
Andrena_dorsata,Brassicaceae,Aurinia,Aurinia saxatilis
Andrena_dorsata,Apiaceae,Anthriscus,Anthriscus sylvestris
Andrena_dorsata,Brassicaceae,Berteroa,Berteroa incana
Andrena_dorsata,Boraginaceae,Borago,Borago officinalis
Andrena_dorsata,Brassicaceae,Brassica,Brassica rapa
Andrena_dorsata,Cucurbitaceae,Bryonia,Bryonia dioica
Andrena_dorsata,Brassicaceae,Bunias,Bunias orientalis
Andrena_dorsata,Ericaceae,Calluna,Calluna vulgaris
Andrena_dorsata,Brassicaceae,Cardamine,Cardamine pratensis
Andrena_dorsata,Brassicaceae,Cardaria,Cardaria draba
Andrena_dorsata,Brassicaceae,Coincya,Coincya monensis
Andrena_dorsata,Asteraceae,Crepis,Crepis biennis
Andrena_dorsata,Rosaceae,Fragaria,Fragaria vesca
Andrena_dorsata,Hypericaceae,Hypericum,Hypericum perforatum
Andrena_dorsata,Campanulaceae,Jasione,Jasione montana
Andrena_dorsata,Fabaceae,Lotus,Lotus corniculatus
Andrena_dorsata,Brassicaceae,Isatis,Isatis tinctoria
Andrena_dorsata,Rosaceae,Malus,Malus domestica
Andrena_dorsata,Fabaceae,Melilotus,Melilotus albus
Andrena_dorsata,Lamiaceae,Origanum,Origanum vulgare
Andrena_dorsata,Papaveraceae,Papaver,Papaver rhoeas
Andrena_dorsata,Rosaceae,Potentilla,Potentilla anserina
Andrena_dorsata,Rosaceae,Potentilla,Potentilla argentea
Andrena_dorsata,Rosaceae,Potentilla,Potentilla neumanniana
Andrena_dorsata,Rosaceae,Pyrus,Pyrus communis
Andrena_dorsata,Rosaceae,Rubus,Rubus idaeus
Andrena_dorsata,Salicaceae,Salix,Salix alba
Andrena_dorsata,Salicaceae,Salix,Salix aurita
Andrena_dorsata,Salicaceae,Salix,Salix caprea
Andrena_dorsata,Salicaceae,Salix,Salix cinerea
Andrena_dorsata,Salicaceae,Salix,Salix purpurea
Andrena_dorsata,Asteraceae,Senecio,Senecio jacobaea
Andrena_dorsata,Brassicaceae,Sinapis,Sinapis alba
Andrena_dorsata,Brassicaceae,Sinapis,Sinapis arvensis
Andrena_dorsata,Brassicaceae,Sisymbrium,Sisymbrium officinale
Andrena_dorsata,Brassicaceae,Sisymbrium,Sisymbrium orientale
Andrena_dorsata,Rosaceae,Spiraea,Spiraea salicifolia
Andrena_dorsata,Asteraceae,Taraxacum,Taraxacum officinale
Andrena_dorsata,Rosaceae,Potentilla,Potentilla erecta
Andrena_dorsata,Malvaceae,Tilia,
Andrena_duboisi,Asteraceae,Blennosperma,
Andrena_duboisi,Asteraceae,Layia,
Andrena_duboisi,Asteraceae,Lasthenia,
Andrena_dunningi,Rosaceae,Physocarpus,
Andrena_dunningi,Oleaceae,Fraxinus,
Andrena_dunningi,Rosaceae,Malus,
Andrena_dunningi,Rosaceae,Pyrus,
Andrena_dunningi,Rosaceae,Crataegus,
Andrena_dunningi,Lamiaceae,Glechoma,
Andrena_dunningi,Sapindaceae,Aesculus,
Andrena_dunningi,Asteraceae,Taraxacum,
Andrena_dunningi,Juglandaceae,Juglans,
Andrena_dunningi,Rosaceae,Prunus,
Andrena_dunningi,Viburnaceae,Viburnum,
Andrena_dunningi,Cornaceae,Cornus,
Andrena_dunningi,Fagaceae,Quercus,
Andrena_dunningi,Sapindaceae,Acer,
Andrena_dunningi,Caprifoliaceae,Lonicera,
Andrena_dunningi,Caryophyllaceae,,
Andrena_duplicata,Asteraceae,Bidens,
Andrena_enslinella,Brassicaceae,Cardaria,Cardaria draba
Andrena_enslinella,Brassicaceae,Brassica,Brassica rapa
Andrena_enslinella,Apiaceae,Orlaya,Orlaya grandiflora
Andrena_enslinella,Brassicaceae,Erysimum,
Andrena_eothina,Onagraceae,Camissonia,
Andrena_erigeniae,Montiaceae,Claytonia,Claytonia virginica
Andrena_erythrogaster,Salicaceae,Salix,
Andrena_erythronii,Liliaceae,Erythronium,Erythronium mesochoreum
Andrena_escondida,Asteraceae,Layia,
Andrena_evoluta,Asteraceae,Agoseris,
Andrena_fabricius,Rosaceae,Pyrus,
Andrena_fabricius,Sapindaceae,Acer,
Andrena_fabricius,Asteraceae,Taraxacum,
Andrena_fabricius,Asteraceae,Bellis,
Andrena_fabricius,Ranunculaceae,Ranunculus,
Andrena_fabricius,Rosaceae,Crataegus,
Andrena_fabricius,Fagaceae,Quercus,
Andrena_fabricius,Rosaceae,Prunus,
Andrena_fabricius,Fagaceae,Fagus,
Andrena_fabricius,Lamiaceae,Lamium,
Andrena_fabricius,Apiaceae,,
Andrena_falsifica,Rosaceae,Potentilla,Potentilla neumanniana
Andrena_falsifica,Fagaceae,Quercus,Quercus robur
Andrena_falsifica,Plantaginaceae,Veronica,Veronica chamaedrys
Andrena_ferox,Sapindaceae,Acer,Acer campestre
Andrena_ferox,Rosaceae,Crataegus,Crataegus laevigata
Andrena_ferox,Fagaceae,Quercus,Quercus robur
Andrena_flandersi,Onagraceae,Camissonia,
Andrena_flavipes,Asteraceae,Centaurea,Centaurea stoebe
Andrena_flavipes,Asteraceae,Centaurea,Centaurea nigra
Andrena_flavipes,Asteraceae,Senecio,Senecio jacobaea
Andrena_flavipes,Asteraceae,Pulicaria,Pulicaria dysenterica
Andrena_flavipes,Brassicaceae,Berteroa,Berteroa incana
Andrena_flavipes,Brassicaceae,Sinapis,Sinapis arvensis
Andrena_flavipes,Rosaceae,Rubus,Rubus fruticosus
Andrena_flavipes,Rosaceae,Crataegus,Crataegus monogyna
Andrena_flavipes,Fabaceae,Trifolium,Trifolium pratense
Andrena_flavipes,Fabaceae,Trifolium,Trifolium repens
Andrena_flavipes,Fabaceae,Gleditsia,Gleditsia triacanthos
Andrena_flavipes,Asteraceae,Centaurea,Centaurea stoebe
Andrena_flavipes,Ranunculaceae,Ranunculus,Ranunculus ficaria
Andrena_flavipes,Sapindaceae,Acer,Acer campestre
Andrena_flavipes,Sapindaceae,Acer,Acer pseudoplatanus
Andrena_flavipes,Asteraceae,Achillea,Achillea millefolium
Andrena_flavipes,Brassicaceae,Alliaria,Alliaria petiolata
Andrena_flavipes,Brassicaceae,Alyssum,Alyssum montanum
Andrena_flavipes,Brassicaceae,Aurinia,Aurinia saxatilis
Andrena_flavipes,Asteraceae,Anthemis,Anthemis arvensis
Andrena_flavipes,Apiaceae,Anthriscus,Anthriscus sylvestris
Andrena_flavipes,Brassicaceae,Aubrieta,Aubrieta deltoidea
Andrena_flavipes,Brassicaceae,Barbarea,Barbarea vulgaris
Andrena_flavipes,Brassicaceae,Berteroa,Berteroa incana
Andrena_flavipes,Boraginaceae,Borago,Borago officinalis
Andrena_flavipes,Brassicaceae,Brassica,Brassica oleracea
Andrena_flavipes,Cucurbitaceae,Bryonia,Bryonia dioica
Andrena_flavipes,Campanulaceae,Campanula,Campanula rotundifolia
Andrena_flavipes,Asteraceae,Centaurea,Centaurea jacea
Andrena_flavipes,Asteraceae,Cirsium,Cirsium vulgare
Andrena_flavipes,Convolvulaceae,Convolvulus,Convolvulus arvensis
Andrena_flavipes,Rosaceae,Crataegus,Crataegus laevigata
Andrena_flavipes,Asteraceae,Crepis,Crepis capillaris
Andrena_flavipes,Fabaceae,Dorycnium,Dorycnium pentaphyllum subsp. germanicum
Andrena_flavipes,Asteraceae,Erigeron,Erigeron annuus
Andrena_flavipes,Apiaceae,Eryngium,Eryngium campestre
Andrena_flavipes,Apiaceae,Eryngium,Eryngium planum
Andrena_flavipes,Gentianaceae,Gentiana,Gentiana verna
Andrena_flavipes,Lamiaceae,Glechoma,Glechoma hederacea
Andrena_flavipes,Cistaceae,Helianthemum,Helianthemum nummularium
Andrena_flavipes,Apiaceae,Heracleum,Heracleum sphondylium
Andrena_flavipes,Hypericaceae,Hypericum,Hypericum perforatum
Andrena_flavipes,Asteraceae,Hypochaeris,Hypochaeris radicata
Andrena_flavipes,Campanulaceae,Jasione,Jasione montana
Andrena_flavipes,Lamiaceae,Lamium,Lamium maculatum
Andrena_flavipes,Asteraceae,Leontodon,Leontodon autumnalis
Andrena_flavipes,Asteraceae,Leucanthemum,Leucanthemum vulgare
Andrena_flavipes,Fabaceae,Lotus,Lotus corniculatus
Andrena_flavipes,Brassicaceae,Isatis,Isatis tinctoria
Andrena_flavipes,Fabaceae,Medicago,Medicago sativa
Andrena_flavipes,Fabaceae,Melilotus,Melilotus albus
Andrena_flavipes,Asparagaceae,Ornithogalum,Ornithogalum umbellatum
Andrena_flavipes,Papaveraceae,Papaver,Papaver rhoeas
Andrena_flavipes,Rosaceae,Potentilla,Potentilla neumanniana
Andrena_flavipes,Rosaceae,Potentilla,Potentilla reptans
Andrena_flavipes,Rosaceae,Prunus,Prunus avium
Andrena_flavipes,Rosaceae,Prunus,Prunus spinosa
Andrena_flavipes,Rosaceae,Pyrus,Pyrus communis
Andrena_flavipes,Ranunculaceae,Ranunculus,Ranunculus bulbosus
Andrena_flavipes,Ranunculaceae,Ranunculus,Ranunculus repens
Andrena_flavipes,Brassicaceae,Rapistrum,Rapistrum perenne
Andrena_flavipes,Resedaceae,Reseda,Reseda lutea
Andrena_flavipes,Rosaceae,Rubus,Rubus fruticosus
Andrena_flavipes,Salicaceae,Salix,Salix caprea
Andrena_flavipes,Asteraceae,Senecio,Senecio jacobaea
Andrena_flavipes,Brassicaceae,Sinapis,Sinapis alba
Andrena_flavipes,Brassicaceae,Sinapis,Sinapis arvensis
Andrena_flavipes,Brassicaceae,Sisymbrium,Sisymbrium officinale
Andrena_flavipes,Asteraceae,Sonchus,Sonchus arvensis
Andrena_flavipes,Caryophyllaceae,Stellaria,Stellaria holostea
Andrena_flavipes,Asteraceae,Tanacetum,Tanacetum vulgare
Andrena_flavipes,Asteraceae,Taraxacum,Taraxacum officinale
Andrena_flavipes,Fabaceae,Trifolium,Trifolium pratense
Andrena_flavipes,Asteraceae,Tussilago,Tussilago farfara
Andrena_flavipes,Plantaginaceae,Veronica,Veronica chamaedrys
Andrena_flavipes,Ericaceae,Erica,
Andrena_flavipes,Malvaceae,Tilia,
Andrena_flavipes,Fagaceae,Quercus,
Andrena_florea,Cucurbitaceae,Bryonia,Bryonia alba
Andrena_florea,Cucurbitaceae,Bryonia,Bryonia dioica
Andrena_floricola,Brassicaceae,Capsella,Capsella bursa-pastoris
Andrena_floricola,Brassicaceae,Cardaria,Cardaria draba
Andrena_floricola,Brassicaceae,Berteroa,Berteroa incana
Andrena_floricola,Boraginaceae,Borago,Borago officinalis
Andrena_floricola,Brassicaceae,Brassica,Brassica rapa
Andrena_floricola,Brassicaceae,Raphanus,Raphanus raphanistrum
Andrena_floricola,Brassicaceae,Sinapis,Sinapis arvensis
Andrena_florivaga,Brassicaceae,Capsella,Capsella bursa-pastoris
Andrena_florivaga,Brassicaceae,Cardamine,Cardamine pratensis
Andrena_florivaga,Ranunculaceae,Ranunculus,Ranunculus acris
Andrena_florivaga,Asteraceae,Taraxacum,Taraxacum officinale
Andrena_forbesii,Rosaceae,,
Andrena_forbesii,Salicaceae,,
Andrena_forbesii,Brassicaceae,,
Andrena_forbesii,Adoxaceae,,
Andrena_forbesii,Fagaceae,,
Andrena_foxii,Onagraceae,Camissonia,
Andrena_fragilis,Cornaceae,Cornus,
Andrena_freygessneri,Crassulaceae,Sempervivum,
Andrena_freygessneri,Saxifragaceae,Saxifraga,
Andrena_freygessneri,Cistaceae,Helianthemum,
Andrena_frigida,Salicaceae,Salix,
Andrena_fucata,Rhamnaceae,Frangula,Frangula alnus
Andrena_fucata,Rosaceae,Rosa,Rosa arvensis
Andrena_fucata,Rosaceae,Rubus,Rubus idaeus
Andrena_fucata,Apiaceae,Heracleum,Heracleum sphondylium
Andrena_fucata,Cistaceae,Helianthemum,Helianthemum nummularium
Andrena_fucata,Brassicaceae,Barbarea,Barbarea vulgaris
Andrena_fucata,Boraginaceae,Borago,Borago officinalis
Andrena_fucata,Apiaceae,Chaerophyllum,Chaerophyllum temulum
Andrena_fucata,Rosaceae,Cotoneaster,Cotoneaster dammeri
Andrena_fucata,Cistaceae,Helianthemum,Helianthemum nummularium
Andrena_fucata,Apiaceae,Heracleum,Heracleum sphondylium
Andrena_fucata,Ranunculaceae,Ranunculus,Ranunculus acris
Andrena_fucata,Brassicaceae,Rorippa,Rorippa sylvestris
Andrena_fucata,Rosaceae,Rosa,Rosa canina
Andrena_fucata,Rosaceae,Rubus,Rubus fruticosus
Andrena_fucata,Rosaceae,Rubus,Rubus idaeus
Andrena_fucata,Brassicaceae,Sinapis,Sinapis alba
Andrena_fucata,Brassicaceae,Sinapis,Sinapis arvensis
Andrena_fucata,Rosaceae,Spiraea,Spiraea salicifolia
Andrena_fucata,Plantaginaceae,Veronica,Veronica chamaedrys
Andrena_fucata,Sapindaceae,Acer,
Andrena_fucata,Asteraceae,Crepis,
Andrena_fucata,Rosaceae,Potentilla,
Andrena_fucata,Rosaceae,Potentilla,
Andrena_fulva,Sapindaceae,Acer,Acer campestre
Andrena_fulva,Sapindaceae,Acer,Acer pseudoplatanus
Andrena_fulva,Rosaceae,Crataegus,Crataegus monogyna
Andrena_fulva,Ranunculaceae,Ranunculus,Ranunculus ficaria
Andrena_fulva,Sapindaceae,Acer,Acer campestre
Andrena_fulva,Sapindaceae,Acer,Acer pseudoplatanus
Andrena_fulva,Rosaceae,Amelanchier,Amelanchier canadensis
Andrena_fulva,Asteraceae,Bellis,Bellis perennis
Andrena_fulva,Boraginaceae,Borago,Borago officinalis
Andrena_fulva,Brassicaceae,Brassica,Brassica rapa
Andrena_fulva,Buxaceae,Buxus,Buxus sempervirens
Andrena_fulva,Rosaceae,Cotoneaster,Cotoneaster integerrimus
Andrena_fulva,Rosaceae,Crataegus,Crataegus laevigata
Andrena_fulva,Celastraceae,Euonymus,Euonymus europaeus
Andrena_fulva,Aquifoliaceae,Ilex,Ilex aquifolium
Andrena_fulva,Paeoniaceae,Paeonia,Paeonia officinalis
Andrena_fulva,Rosaceae,Prunus,Prunus avium
Andrena_fulva,Rosaceae,Prunus,Prunus cerasifera
Andrena_fulva,Rosaceae,Prunus,Prunus domestica
Andrena_fulva,Rosaceae,Prunus,Prunus laurocerasus
Andrena_fulva,Rosaceae,Prunus,Prunus spinosa
Andrena_fulva,Grossulariaceae,Ribes,Ribes alpinum
Andrena_fulva,Grossulariaceae,Ribes,Ribes rubrum
Andrena_fulva,Grossulariaceae,Ribes,Ribes uva-crispa
Andrena_fulva,Salicaceae,Salix,Salix caprea
Andrena_fulva,Brassicaceae,Sinapis,Sinapis arvensis
Andrena_fulva,Ericaceae,Vaccinium,Vaccinium myrtillus
Andrena_fulva,Plantaginaceae,Veronica,Veronica persica
Andrena_fulva,Viburnaceae,Viburnum,Viburnum lantana
Andrena_fulva,Fagaceae,Quercus,
Andrena_fulva,Asteraceae,Taraxacum,
Andrena_fulva,Fagaceae,Quercus,
Andrena_fulvago,Asteraceae,Crepis,Crepis capillaris
Andrena_fulvago,Asteraceae,Hypochaeris,Hypochaeris radicata
Andrena_fulvago,Asteraceae,Centaurea,Centaurea jacea
Andrena_fulvago,Asteraceae,Crepis,Crepis biennis
Andrena_fulvago,Asteraceae,Hieracium,Hieracium pilosella
Andrena_fulvago,Asteraceae,Lapsana,Lapsana communis
Andrena_fulvago,Asteraceae,Leontodon,Leontodon hispidus
Andrena_fulvago,Asteraceae,Scorzonera,Scorzonera humilis
Andrena_fulvago,Asteraceae,Taraxacum,Taraxacum officinale
Andrena_fulvago,Asteraceae,Tragopogon,Tragopogon pratensis
Andrena_fulvago,Ericaceae,Calluna,Calluna vulgaris
Andrena_fulvata,Brassicaceae,Cardamine,Cardamine pratensis
Andrena_fulvata,Ranunculaceae,Ranunculus,Ranunculus acris
Andrena_fulvata,Brassicaceae,Alliaria,Alliaria petiolata
Andrena_fulvata,Betulaceae,Betula,Betula pendula
Andrena_fulvata,Rosaceae,Crataegus,Crataegus laevigata
Andrena_fulvata,Gentianaceae,Gentiana,Gentiana verna
Andrena_fulvata,Asteraceae,Leucanthemum,Leucanthemum vulgare
Andrena_fulvata,Ranunculaceae,Ranunculus,Ranunculus acris
Andrena_fulvata,Ranunculaceae,Ranunculus,Ranunculus bulbosus
Andrena_fulvata,Caryophyllaceae,Stellaria,Stellaria holostea
Andrena_fulvata,Asteraceae,Taraxacum,Taraxacum officinale
Andrena_fulvicornis,Brassicaceae,,
Andrena_fulvida,Sapindaceae,Acer,Acer campestre
Andrena_fulvida,Boraginaceae,Borago,Borago officinalis
Andrena_fulvida,Campanulaceae,Campanula,Campanula patula
Andrena_fulvida,Cornaceae,Cornus,Cornus sanguinea
Andrena_fulvida,Euphorbiaceae,Euphorbia,Euphorbia amygdaloides
Andrena_fulvida,Geraniaceae,Geranium,Geranium sylvaticum
Andrena_fulvida,Oleaceae,Ligustrum,Ligustrum vulgare
Andrena_fulvida,Fabaceae,Medicago,Medicago sativa
Andrena_fulvida,Plantaginaceae,Plantago,Plantago major
Andrena_fulvida,Rhamnaceae,Frangula,Frangula alnus
Andrena_fulvida,Rosaceae,Rubus,Rubus idaeus
Andrena_fulvida,Brassicaceae,Sinapis,Sinapis arvensis
Andrena_fulvida,Ericaceae,Vaccinium,Vaccinium myrtillus
Andrena_fulvida,Caprifoliaceae,Valeriana,Valeriana officinalis
Andrena_fulvida,Liliaceae,Lilium,
Andrena_fulvipennis,Asteraceae,Chrysopsis,
Andrena_fulvipennis,Asteraceae,Heterotheca,
Andrena_fulvipennis,Asteraceae,Pityopsis,
Andrena_furva,Onagraceae,Camissonia,
Andrena_furva,Onagraceae,Clarkia,
Andrena_fuscipes,Ericaceae,Calluna,Calluna vulgaris
Andrena_gardineri,Asteraceae,Packera,
Andrena_gardineri,Asteraceae,Gutierrezia,
Andrena_gardineri,Asteraceae,Senecio,
Andrena_gelriae,Fabaceae,Trifolium,Trifolium pratense
Andrena_gelriae,Fabaceae,Onobrychis,Onobrychis viciifolia
Andrena_geranii,Geraniaceae,Geranium,
Andrena_geranii,Hydrophyllaceae,Hydrophyllum,
Andrena_gibberis,Salicaceae,Salix,
Andrena_gnaphalii,Asteraceae,Agoseris,
Andrena_granulosa,Cistaceae,Helianthemum,Helianthemum apenninum
Andrena_granulosa,Cistaceae,Helianthemum,Helianthemum canum
Andrena_granulosa,Cistaceae,Helianthemum,Helianthemum nummularium
Andrena_gravida,Asteraceae,Achillea,Achillea millefolium
Andrena_gravida,Brassicaceae,Bunias,Bunias orientalis
Andrena_gravida,Brassicaceae,Cardamine,Cardamine pratensis
Andrena_gravida,Rosaceae,Fragaria,Fragaria vesca
Andrena_gravida,Rosaceae,Prunus,Pru\x6E\x75\x73\x20\x61\x72\x6D\x65\x6E\x69\x61\x63\x61\x0D\x0A\x41\x6E\x64\x72\x65\x6E\x61\x5F\x67\x72\x61\x76\x69\x64\x61\x2C\x52\x6F\x73\x61\x63\x65\x61\x65\x2C\x50\x72\x75\x6E\x75\x73\x2C\x50\x72\x75\x6E\x75\x73\x20\x73\x70\x69\x6E\x6F\x73\x61\x0D\x0A\x41\x6E\x64\x72\x65\x6E\x61\x5F\x67\x72\x61\x76\x69\x64\x61\x2C\x53\x61\x6C\x69\x63\x61\x63\x65\x61\x65\x2C\x53\x61\x6C\x69\x78\x2C\x53\x61\x6C\x69\x78\x20\x63\x61\x70\x72\x65\x61\x0D\x0A\x41\x6E\x64\x72\x65\x6E\x61\x5F\x67\x72\x61\x76\x69\x64\x61\x2C\x42\x72\x61\x73\x73\x69\x63\x61\x63\x65\x61\x65\x2C\x53\x69\x6E\x61\x70\x69\x73\x2C\x53\x69\x6E\x61\x70\x69\x73\x20\x61\x72\x76\x65\x6E\x73\x69\x73\x0D\x0A\x41\x6E\x64\x72\x65\x6E\x61\x5F\x67\x72\x61\x76\x69\x64\x61\x2C\x41\x73\x74\x65\x72\x61\x63\x65\x61\x65\x2C\x54\x61\x72\x61\x78\x61\x63\x75\x6D\x2C\x54\x61\x72\x61\x78\x61\x63\x75\x6D\x20\x6F\x66\x66\x69\x63\x69\x6E\x61\x6C\x65\x0D\x0A\x41\x6E\x64\x72\x65\x6E\x61\x5F\x67\x72\x69\x6E\x64\x65\x6C\x69\x61\x65\x2C\x41\x73\x74\x65\x72\x61\x63\x65\x61\x65\x2C\x42\x61\x63\x63\x68\x61\x72\x69\x73\x2C\x0D\x0A\x41\x6E\x64\x72\x65\x6E\x61\x5F\x67\x72\x69\x6E\x64\x65\x6C\x69\x61\x65\x2C\x41\x73\x74\x65\x72\x61\x63\x65\x61\x65\x2C\x47\x72\x69\x6E\x64\x65\x6C\x69\x61\x2C\x0D\x0A\x41\x6E\x64\x72\x65\x6E\x61\x5F\x67\x72\x69\x6E\x64\x65\x6C\x69\x61\x65\x2C\x41\x73\x74\x65\x72\x61\x63\x65\x61\x65\x2C\x48\x65\x6D\x69\x7A\x6F\x6E\x69\x61\x2C\x0D\x0A\x41\x6E\x64\x72\x65\x6E\x61\x5F\x67\x72\x6F\x7A\x64\x61\x6E\x69\x63\x69\x2C\x42\x6F\x72\x61\x67\x69\x6E\x61\x63\x65\x61\x65\x2C\x41\x6E\x63\x68\x75\x73\x61\x2C\x0D\x0A\x41\x6E\x64\x72\x65\x6E\x61\x5F\x68\x61\x65\x6D\x6F\x72\x72\x68\x6F\x61\x2C\x52\x6F\x73\x61\x63\x65\x61\x65\x2C\x43\x72\x61\x74\x61\x65\x67\x75\x73\x2C\x43\x72\x61\x74\x61\x65\x67\x75\x73\x20\x6D\x6F\x6E\x6F\x67\x79\x6E\x61\x0D\x0A\x41\x6E\x64\x72\x65\x6E\x61\x5F\x68\x61\x65\x6D\x6F\x72\x72\x68\x6F\x61\x2C\x53\x61\x6C\x69\x63\x61\x63\x65\x61\x65\x2C\x53\x61\x6C\x69\x78\x2C\x53\x61\x6C\x69\x78\x20\x61\x6C\x62\x61\x0D\x0A\x41\x6E\x64\x72\x65\x6E\x61\x5F\x68\x61\x65\x6D\x6F\x72\x72\x68\x6F\x61\x2C\x42\x72\x61\x73\x73\x69\x63\x61\x63\x65\x61\x65\x2C\x42\x61\x72\x62\x61\x72\x65\x61\x2C\x42\x61\x72\x62\x61\x72\x65\x61\x20\x76\x75\x6C\x67\x61\x72\x69\x73\x0D\x0A\x41\x6E\x64\x72\x65\x6E\x61\x5F\x68\x61\x65\x6D\x6F\x72\x72\x68\x6F\x61\x2C\x52\x6F\x73\x61\x63\x65\x61\x65\x2C\x53\x70\x69\x72\x61\x65\x61\x2C\x53\x70\x69\x72\x61\x65\x61\x20\x73\x61\x6C\x69\x63\x69\x66\x6F\x6C\x69\x61\x0D\x0A\x41\x6E\x64\x72\x65\x6E\x61\x5F\x68\x61\x65\x6D\x6F\x72\x72\x68\x6F\x61\x2C\x53\x61\x70\x69\x6E\x64\x61\x63\x65\x61\x65\x2C\x41\x63\x65\x72\x2C\x41\x63\x65\x72\x20\x63\x61\x6D\x70\x65\x73\x74\x72\x65\x0D\x0A\x41\x6E\x64\x72\x65\x6E\x61\x5F\x68\x61\x65\x6D\x6F\x72\x72\x68\x6F\x61\x2C\x53\x61\x70\x69\x6E\x64\x61\x63\x65\x61\x65\x2C\x41\x63\x65\x72\x2C\x41\x63\x65\x72\x20\x70\x73\x65\x75\x64\x6F\x70\x6C\x61\x74\x61\x6E\x75\x73\x0D\x0A\x41\x6E\x64\x72\x65\x6E\x61\x5F\x68\x61\x65\x6D\x6F\x72\x72\x68\x6F\x61\x2C\x41\x70\x69\x61\x63\x65\x61\x65\x2C\x41\x65\x67\x6F\x70\x6F\x64\x69\x75\x6D\x2C\x41\x65\x67\x6F\x70\x6F\x64\x69\x75\x6D\x20\x70\x6F\x64\x61\x67\x72\x61\x72\x69\x61\x0D\x0A\x41\x6E\x64\x72\x65\x6E\x61\x5F\x68\x61\x65\x6D\x6F\x72\x72\x68\x6F\x61\x2C\x41\x6D\x61\x72\x79\x6C\x6C\x69\x64\x61\x63\x65\x61\x65\x2C\x41\x6C\x6C\x69\x75\x6D\x2C\x41\x6C\x6C\x69\x75\x6D\x20\x73\x70\x68\x61\x65\x72\x6F\x63\x65\x70\x68\x61\x6C\x6F\x6E\x0D\x0A\x41\x6E\x64\x72\x65\x6E\x61\x5F\x68\x61\x65\x6D\x6F\x72\x72\x68\x6F\x61\x2C\x42\x72\x61\x73\x73\x69\x63\x61\x63\x65\x61\x65\x2C\x41\x6C\x79\x73\x73\x75\x6D\x2C\x41\x6C\x79\x73\x73\x75\x6D\x20\x6D\x6F\x6E\x74\x61\x6E\x75\x6D\x0D\x0A\x41\x6E\x64\x72\x65\x6E\x61\x5F\x68\x61\x65\x6D\x6F\x72\x72\x68\x6F\x61\x2C\x41\x70\x69\x61\x63\x65\x61\x65\x2C\x41\x6E\x74\x68\x72\x69\x73\x63\x75\x73\x2C\x41\x6E\x74\x68\x72\x69\x73\x63\x75\x73\x20\x73\x79\x6C\x76\x65\x73\x74\x72\x69\x73\x0D\x0A\x41\x6E\x64\x72\x65\x6E\x61\x5F\x68\x61\x65\x6D\x6F\x72\x72\x68\x6F\x61\x2C\x41\x73\x74\x65\x72\x61\x63\x65\x61\x65\x2C\x42\x65\x6C\x6C\x69\x73\x2C\x42\x65\x6C\x6C\x69\x73\x20\x70\x65\x72\x65\x6E\x6E\x69\x73\x0 