scientificName,host,host_rank,diet_breadth_detailed
Ancylandrena atoposoma,Fabaceae,family,family_specialist
Ancylandrena koebelei,Fabaceae,family,family_specialist
Ancylandrena larreae,Larrea,genus,genus_specialist
Ancylandrena rozeni,Fabaceae,family,family_specialist
Ancyloscelis sejunctus,Ipomoea,genus,genus_specialist
Andrena ablegata,Agoseris,genus,genus_specialist
Andrena afimbriata,Asteraceae,family,family_specialist
Andrena agoseridis,Agoseris,genus,genus_specialist
Andrena alamonis,Physaria,genus,genus_specialist
Andrena aliciae,Asteraceae,family,family_specialist
Andrena aliciarum,Asteraceae,family,family_specialist
Andrena anatolis,Camissonia,genus,genus_specialist
Andrena andrenoides,Salix,genus,genus_specialist
Andrena annectens,Salix,genus,genus_specialist
Andrena apacheorum,Asteraceae,family,family_specialist
Andrena apasta,Camissonia,genus,genus_specialist
Andrena arabis,Brassicaceae,family,family_specialist
Andrena arctostaphylae,Arctostaphylos,genus,genus_specialist
Andrena ardis,Asteraceae,family,family_specialist
Andrena arenicola,Salix,genus,genus_specialist
Andrena asteris,Asteraceae,family,family_specialist
Andrena asteroides,Symphyotrichum,genus,genus_specialist
Andrena aurihirta,Asteraceae,family,family_specialist
Andrena auripes,Asteraceae,family,family_specialist
Andrena baeriae,Lasthenia,genus,genus_specialist
Andrena balsamorhizae,Asteraceae,family,family_specialist
Andrena barberi,Asteraceae,family,family_specialist
Andrena beameri,Asteraceae,family,family_specialist
Andrena bendensis,Asteraceae,family,family_specialist
Andrena berberidis,Ribes,genus,genus_specialist
Andrena berkeleyi,Asteraceae,family,family_specialist
Andrena bernardina,Clarkia,genus,genus_specialist
Andrena birtwelli,Potentilla,genus,genus_specialist
Andrena bisalicis,Salix,genus,genus_specialist
Andrena biscutellata,Asteraceae,family,family_specialist
Andrena blaisdelli,Camissonia,genus,genus_specialist
Andrena blennospermatis,Asteraceae,family,family_specialist
Andrena bocensis,Asteraceae,family,family_specialist
Andrena boronensis,Camissonia,genus,genus_specialist
Andrena braccata,Asteraceae,family,family_specialist
Andrena bradleyi,Ericaceae,family,family_specialist
Andrena brooksi,Asteraceae,family,family_specialist
Andrena bucculenta,Salix,genus,genus_specialist
Andrena bullata,Asteraceae,family,family_specialist
Andrena caerulea,Ranunculus,genus,genus_specialist
Andrena caliginosa,Ribes,genus,genus_specialist
Andrena calvata,Asteraceae,family,family_specialist
Andrena camissoniae,Camissonia,genus,genus_specialist
Andrena canadensis,Asteraceae,family,family_specialist
Andrena capricornis,Brassicaceae,family,family_specialist
Andrena carolina,Ericaceae,family,family_specialist
Andrena chalybaea,Camissonia,genus,genus_specialist
Andrena chalybioides,Agoseris,genus,genus_specialist
Andrena chaparralensis,Asteraceae,family,family_specialist
Andrena chapmanae,Boraginaceae,family,family_specialist
Andrena cheyennorum,Symphoricarpos,genus,genus_specialist
Andrena chlorosoma,Asteraceae,family,family_specialist
Andrena chromotricha,Asteraceae,family,family_specialist
Andrena chylismiae,Camissonia,genus,genus_specialist
Andrena citrinihirta,Asteraceae,family,family_specialist
Andrena clarkella,Salix,genus,genus_specialist
Andrena cleodora,Ceanothus,genus,genus_specialist
Andrena colletina,Asteraceae,family,family_specialist
Andrena columbiana,Asteraceae,family,family_specialist
Andrena compositarum,Asteraceae,family,family_specialist
Andrena concinnula,Salix,genus,genus_specialist
Andrena cornelli,Rhododendron,genus,genus_specialist
Andrena costillensis,Asteraceae,family,family_specialist
Andrena cragini,Amorpha,genus,genus_specialist
Andrena crawfordi,Asteraceae,family,family_specialist
Andrena cristata,Arctostaphylos,genus,genus_specialist
Andrena crudeni,Nemophila,genus,genus_specialist
Andrena cryptanthae,Cryptantha,genus,genus_specialist
Andrena cuneilabris,Ranunculus,genus,genus_specialist
Andrena cyanosoma,Camissonia,genus,genus_specialist
Andrena dapsilis,Brassicaceae,family,family_specialist
Andrena decolorata,Camissonia,genus,genus_specialist
Andrena deserticola,Camissonia,genus,genus_specialist
Andrena dissimulans,Lasthenia,genus,genus_specialist
Andrena dissona,Asteraceae,family,family_specialist
Andrena distans,Geranium,genus,genus_specialist
Andrena duboisi,Asteraceae,family,family_specialist
Andrena duplicata,Asteraceae,family,family_specialist
Andrena eothina,Onagraceae,family,family_specialist
Andrena erigeniae,Claytonia,genus,genus_specialist
Andrena erythrogaster,Salix,genus,genus_specialist
Andrena erythronii,Erythronium,genus,genus_specialist
Andrena escondida,Layia,genus,genus_specialist
Andrena evoluta,Agoseris,genus,genus_specialist
Andrena flandersi,Camissonia,genus,genus_specialist
Andrena foxii,Camissonia,genus,genus_specialist
Andrena fragilis,Cornus,genus,genus_specialist
Andrena frigida,Salix,genus,genus_specialist
Andrena fulvipennis,Asteraceae,family,family_specialist
Andrena furva,Onagraceae,family,family_specialist
Andrena gardineri,Asteraceae,family,family_specialist
Andrena gibberis,Salix,genus,genus_specialist
Andrena gnaphalii,Agoseris,genus,genus_specialist
Andrena grindeliae,Asteraceae,family,family_specialist
Andrena haynesi,Helianthus,genus,genus_specialist
Andrena hermosa,Lasthenia,genus,genus_specialist
Andrena hirticincta,Asteraceae,family,family_specialist
Andrena illinoiensis,Salix,genus,genus_specialist
Andrena inculta,Encelia,genus,genus_specialist
Andrena integra,Cornus,genus,genus_specialist
Andrena irrasus,Asteraceae,family,family_specialist
Andrena ishii,Salix,genus,genus_specialist
Andrena isocomae,Asteraceae,family,family_specialist
Andrena jessicae,Physaria,genus,genus_specialist
Andrena kalmiae,Ericaceae,family,family_specialist
Andrena krigiana,Asteraceae,family,family_specialist
Andrena kristina,Brassicaceae,family,family_specialist
Andrena labergei,Salix,genus,genus_specialist
Andrena lamelliterga,Phacelia,genus,genus_specialist
Andrena lativentris,Asteraceae,family,family_specialist
Andrena layiae,Lasthenia,genus,genus_specialist
Andrena levipes,Polemoniaceae,family,family_specialist
Andrena lewisorum,Clarkia,genus,genus_specialist
Andrena linsleyana,Oenothera,genus,genus_specialist
Andrena linsleyi,Oenothera,genus,genus_specialist
Andrena macoupinensis,Salix,genus,genus_specialist
Andrena macswaini,Camissonia,genus,genus_specialist
Andrena malacothricidis,Malacothrix,genus,genus_specialist
Andrena mariae,Salix,genus,genus_specialist
Andrena melanochroa,Rosaceae,family,family_specialist
Andrena melliventris,Asteraceae,family,family_specialist
Andrena mentzeliae,Mentzelia,genus,genus_specialist
Andrena mesillae,Brassicaceae,family,family_specialist
Andrena micheneri,Brassicaceae,family,family_specialist
Andrena micheneriella,Asteraceae,family,family_specialist
Andrena microchlora,Lomatium,genus,genus_specialist
Andrena mojavensis,Camissonia,genus,genus_specialist
Andrena monogonoparia,Arctostaphylos,genus,genus_specialist
Andrena monticola,Asteraceae,family,family_specialist
Andrena nemophilae,Nemophila,genus,genus_specialist
Andrena neomexicana,Gutierrezia,genus,genus_specialist
Andrena nevadae,Camissonia,genus,genus_specialist
Andrena nevadensis,Salix,genus,genus_specialist
Andrena nida,Salix,genus,genus_specialist
Andrena nigra,Phacelia,genus,genus_specialist
Andrena nigrae,Salix,genus,genus_specialist
Andrena nigripes,Boraginaceae,family,family_specialist
Andrena nothocalaidis,Agoseris,genus,genus_specialist
Andrena nothoscordi,Nothoscordum,genus,genus_specialist
Andrena nubecula,Asteraceae,family,family_specialist
Andrena oenotherae,Camissonia,genus,genus_specialist
Andrena ofella,Asteraceae,family,family_specialist
Andrena olivacea,Asteraceae,family,family_specialist
Andrena omninigra,Clarkia,genus,genus_specialist
Andrena orthocarpi,Lasthenia,genus,genus_specialist
Andrena osmoides,Cryptantha,genus,genus_specialist
Andrena pallidiscopa,Lomatium,genus,genus_specialist
Andrena palpalis,Phacelia,genus,genus_specialist
Andrena papagorum,Salix,genus,genus_specialist
Andrena parachalybea,Camissonia,genus,genus_specialist
Andrena parnassiae,Parnassia,genus,genus_specialist
Andrena pecosana,Asteraceae,family,family_specialist
Andrena pectidis,Pectis,genus,genus_specialist
Andrena pensilis,Lasthenia,genus,genus_specialist
Andrena perarmata,Salix,genus,genus_specialist
Andrena perpunctata,Heterotheca,genus,genus_specialist
Andrena persimulata,Cornus,genus,genus_specialist
Andrena phaceliae,Phacelia,genus,genus_specialist
Andrena piperi,Brassicaceae,family,family_specialist
Andrena placata,Asteraceae,family,family_specialist
Andrena plana,Trifolium,genus,genus_specialist
Andrena platyparia,Cornus,genus,genus_specialist
Andrena polemonii,Polemonium,genus,genus_specialist
Andrena porterae,Ribes,genus,genus_specialist
Andrena prima,Brassicaceae,family,family_specialist
Andrena primulifrons,Physaria,genus,genus_specialist
Andrena principalis,Arctostaphylos,genus,genus_specialist
Andrena puthua,Asteraceae,family,family_specialist
Andrena ramaleyi,Asteraceae,family,family_specialist
Andrena raveni,Camissonia,genus,genus_specialist
Andrena reflexa,Asteraceae,family,family_specialist
Andrena rehni,Castanea,genus,genus_specialist
Andrena ribblei,Polemonium,genus,genus_specialist
Andrena rozeni,Camissonia,genus,genus_specialist
Andrena rubrotincta,Camissonia,genus,genus_specialist
Andrena rudbeckiae,Asteraceae,family,family_specialist
Andrena runcinatae,Asteraceae,family,family_specialist
Andrena salicifloris,Salix,genus,genus_specialist
Andrena salictaria,Salix,genus,genus_specialist
Andrena scurra,Brassicaceae,family,family_specialist
Andrena scutellinitens,Asteraceae,family,family_specialist
Andrena semipunctata,Salix,genus,genus_specialist
Andrena senticulosa,Asteraceae,family,family_specialist
Andrena sigmundi,Salix,genus,genus_specialist
Andrena simplex,Asteraceae,family,family_specialist
Andrena simulata,Asteraceae,family,family_specialist
Andrena sitiliae,Asteraceae,family,family_specialist
Andrena sonorensis,Asteraceae,family,family_specialist
Andrena sperryi,Camissonia,genus,genus_specialist
Andrena sphaeralceae,Sphaeralcea,genus,genus_specialist
Andrena stagei,Oenothera,genus,genus_specialist
Andrena striatifrons,Salix,genus,genus_specialist
Andrena suavis,Ranunculus,genus,genus_specialist
Andrena subapasta,Arenaria,genus,genus_specialist
Andrena subaustralis,Salix,genus,genus_specialist
Andrena subchalybea,Lasthenia,genus,genus_specialist
Andrena sublayiae,Lasthenia,genus,genus_specialist
Andrena submaura,Ribes,genus,genus_specialist
Andrena submoesta,Lasthenia,genus,genus_specialist
Andrena subnigripes,Nemophila,genus,genus_specialist
Andrena sulcata,Asteraceae,family,family_specialist
Andrena surda,Asteraceae,family,family_specialist
Andrena tegularis,Asteraceae,family,family_specialist
Andrena texana,Asteraceae,family,family_specialist
Andrena tonkaworum,Asteraceae,family,family_specialist
Andrena torulosa,Limnanthes,genus,genus_specialist
Andrena trapezoidea,Physaria,genus,genus_specialist
Andrena trimaculata,Asteraceae,family,family_specialist
Andrena trizonata,Salix,genus,genus_specialist
Andrena utahensis,Asteraceae,family,family_specialist
Andrena uvulariae,Uvularia,genus,genus_specialist
Andrena vanduzeei,Gayophytum,genus,genus_specialist
Andrena vandykei,Arctostaphylos,genus,genus_specialist
Andrena verbesinae,Asteraceae,family,family_specialist
Andrena verecunda,Asteraceae,family,family_specialist
Andrena vespertina,Camissonia,genus,genus_specialist
Andrena violae,Viola,genus,genus_specialist
Andrena vulpicolor,Asteraceae,family,family_specialist
Andrena wellesleyana,Salix,genus,genus_specialist
Andrena winnemuccana,Brassicaceae,family,family_specialist
Andrena xanthigera,Asteraceae,family,family_specialist
Andrena ziziae,Zizia,genus,genus_specialist
Andrena ziziaeformis,Rosaceae,family,family_specialist
Anthidium atripes,Fabaceae,family,family_specialist
Anthidium clypeodentatum,Fabaceae,family,family_specialist
Anthidium dammersi,Fabaceae,family,family_specialist
Anthidium emarginatum,Phacelia,genus,genus_specialist
Anthidium pallidiclypeum,Fabaceae,family,family_specialist
Anthidium palmarum,Phacelia,genus,genus_specialist
Anthidium placitum,Cordylanthus,genus,genus_specialist
Anthidium utahense,Fabaceae,family,family_specialist
Anthophora abroniae,Abronia,genus,genus_specialist
Anthophora affabilis,Oenothera,genus,genus_specialist
Anthophora cockerelli,Capparaceae,family,family_specialist
Anthophora curta,Asteraceae,family,family_specialist
Anthophora exigua,Asteraceae,family,family_specialist
Anthophora flavocincta,Heliotropium,genus,genus_specialist
Anthophora hololeuca,Fabaceae,family,family_specialist
Anthophora maculifrons,Asteraceae,family,family_specialist
Anthophora phaceliae,Phacelia,genus,genus_specialist
Anthophora porterae,Astragalus,genus,genus_specialist
Anthophorula asteris,Symphyotrichum,genus,genus_specialist
Anthophorula euphorbiae,Euphorbia,genus,genus_specialist
Anthophorula micheneri,Agalinis,genus,genus_specialist
Ashmeadiella bucconis,Asteraceae,family,family_specialist
Ashmeadiella cazieri,Fabaceae,family,family_specialist
Ashmeadiella cubiceps,Asteraceae,family,family_specialist
Ashmeadiella erema,Fabaceae,family,family_specialist
Ashmeadiella inyoensis,Fabaceae,family,family_specialist
Ashmeadiella micheneri,Phacelia,genus,genus_specialist
Ashmeadiella opuntiae,Cactaceae,family,family_specialist
Ashmeadiella prosopidis,Fabaceae,family,family_specialist
Ashmeadiella rhodognatha,Fabaceae,family,family_specialist
Ashmeadiella rubrella,Fabaceae,family,family_specialist
Ashmeadiella rufitarsis,Eriogonum,genus,genus_specialist
Ashmeadiella salviae,Lamiaceae,family,family_specialist
Ashmeadiella timberlakei,Fabaceae,family,family_specialist
Ashmeadiella xenomastax,Fabaceae,family,family_specialist
Atoposmia abjecta,Penstemon,genus,genus_specialist
Atoposmia anthodyta,Penstemon,genus,genus_specialist
Atoposmia copelandica,Phacelia,genus,genus_specialist
Atoposmia daleae,Dalea,genus,genus_specialist
Atoposmia enceliae,Asteraceae,family,family_specialist
Atoposmia hypostomalis,Fabaceae,family,family_specialist
Atoposmia oregona,Penstemon,genus,genus_specialist
Atoposmia robustula,Fabaceae,family,family_specialist
Atoposmia segregata,Fabaceae,family,family_specialist
Atoposmia timberlakei,Fabaceae,family,family_specialist
Atoposmia triodonta,Penstemon,genus,genus_specialist
Calliopsis anomoptera,Euphorbiaceae,family,family_specialist
Calliopsis anthidius,Trifolium,genus,genus_specialist
Calliopsis barbata,Phacelia,genus,genus_specialist
Calliopsis beamerorum,Nama,genus,genus_specialist
Calliopsis bernardinensis,Asteraceae,family,family_specialist
Calliopsis callops,Solanaceae,family,family_specialist
Calliopsis callosa,Tidestromia,genus,genus_specialist
Calliopsis chlorops,Asteraceae,family,family_specialist
Calliopsis cinctus,Calochortus,genus,genus_specialist
Calliopsis coloradensis,Asteraceae,family,family_specialist
Calliopsis coloratipes,Asteraceae,family,family_specialist
Calliopsis comptula,Rosaceae,family,family_specialist
Calliopsis crypta,Asteraceae,family,family_specialist
Calliopsis deserticola,Asteraceae,family,family_specialist
Calliopsis edwardsii,Rosaceae,family,family_specialist
Calliopsis empelia,Sphaeralcea,genus,genus_specialist
Calliopsis foleyi,Larrea,genus,genus_specialist
Calliopsis fulgida,Euphorbia,genus,genus_specialist
Calliopsis gilva,Euphorbia,genus,genus_specialist
Calliopsis helianthi,Euphorbiaceae,family,family_specialist
Calliopsis hesperia,Heliotropium,genus,genus_specialist
Calliopsis hirsutifrons,Verbena,genus,genus_specialist
Calliopsis larreae,Larrea,genus,genus_specialist
Calliopsis limbus,Euphorbia,genus,genus_specialist
Calliopsis linsleyi,Eriodictyon,genus,genus_specialist
Calliopsis macswaini,Cleomella,genus,genus_specialist
Calliopsis meliloti,Fabaceae,family,family_specialist
Calliopsis mellipes,Lotus,genus,genus_specialist
Calliopsis michenerella,Verbena,genus,genus_specialist
Calliopsis micheneri,Trifolium,genus,genus_specialist
Calliopsis nebraskensis,Verbena,genus,genus_specialist
Calliopsis nigromaculata,Euphorbiaceae,family,family_specialist
Calliopsis obscurella,Eschscholzia,genus,genus_specialist
Calliopsis pectidis,Asteraceae,family,family_specialist
Calliopsis persimilis,Physalis,genus,genus_specialist
Calliopsis phaceliae,Phacelia,genus,genus_specialist
Calliopsis philiphunteri,Asteraceae,family,family_specialist
Calliopsis puellae,Asteraceae,family,family_specialist
Calliopsis pugionis,Asteraceae,family,family_specialist
Calliopsis rhodophila,Convolvulaceae,family,family_specialist
Calliopsis rogeri,Euphorbiaceae,family,family_specialist
Calliopsis rozeni,Asteraceae,family,family_specialist
Calliopsis squamifera,Euphorbiaceae,family,family_specialist
Calliopsis subalpina,Sphaeralcea,genus,genus_specialist
Calliopsis syphar,Euphorbia,genus,genus_specialist
Calliopsis trifolii,Trifolium,genus,genus_specialist
Calliopsis verbenae,Verbena,genus,genus_specialist
Calliopsis zebrata,Astragalus,genus,genus_specialist
Calliopsis zonalis,Monardella,genus,genus_specialist
Caupolicana ocellata,Fabaceae,family,family_specialist
Cemolobus ipomoeae,Convolvulaceae,family,family_specialist
Centris californica,Capparaceae,family,family_specialist
Ceratina sequoiae,Clarkia,genus,genus_specialist
Chelostoma californicum,Phacelia,genus,genus_specialist
Chelostoma marginatum,Phacelia,genus,genus_specialist
Chelostoma phaceliae,Phacelia,genus,genus_specialist
Colletes aberrans,Dalea,genus,genus_specialist
Colletes aestivalis,Saxifragaceae,family,family_specialist
Colletes albescens,Fabaceae,family,family_specialist
Colletes algarobiae,Prosopis,genus,genus_specialist
Colletes americanus,Asteraceae,family,family_specialist
Colletes andrewsi,Heuchera,genus,genus_specialist
Colletes annae,Asteraceae,family,family_specialist
Colletes banksi,Ilex,genus,genus_specialist
Colletes birkmanni,Asteraceae,family,family_specialist
Colletes brevicornis,Campanulaceae,family,family_specialist
Colletes brimleyi,Ilex,genus,genus_specialist
Colletes bumeliae,Sideroxylon,genus,genus_specialist
Colletes californicus,Phacelia,genus,genus_specialist
Colletes ciliatus,Cuscuta,genus,genus_specialist
Colletes clypeonitens,Larrea,genus,genus_specialist
Colletes compactus,Asteraceae,family,family_specialist
Colletes covilleae,Larrea,genus,genus_specialist
Colletes francesae,Sideroxylon,genus,genus_specialist
Colletes fulgidus,Asteraceae,family,family_specialist
Colletes gypsicolens,Asteraceae,family,family_specialist
Colletes howardi,Dalea,genus,genus_specialist
Colletes inuncantipedis,Sideroxylon,genus,genus_specialist
Colletes larreae,Larrea,genus,genus_specialist
Colletes laticinctus,Asteraceae,family,family_specialist
Colletes latitarsis,Physalis,genus,genus_specialist
Colletes nigrifrons,Potentilla,genus,genus_specialist
Colletes paniscus,Mertensia,genus,genus_specialist
Colletes petalostemonis,Fabaceae,family,family_specialist
Colletes productus,Ericaceae,family,family_specialist
Colletes prosopidis,Prosopis,genus,genus_specialist
Colletes robertsonii,Dalea,genus,genus_specialist
Colletes rufocinctus,Asteraceae,family,family_specialist
Colletes scopiventer,Chamaesaracha,genus,genus_specialist
Colletes simulans,Asteraceae,family,family_specialist
Colletes solidaginis,Solidago,genus,genus_specialist
Colletes speculiferus,Asteraceae,family,family_specialist
Colletes sphaeralceae,Sphaeralcea,genus,genus_specialist
Colletes susannae,Fabaceae,family,family_specialist
Colletes thysanellae,Asteraceae,family,family_specialist
Colletes turgiventris,Phacelia,genus,genus_specialist
Colletes ultravalidus,Ericaceae,family,family_specialist
Colletes validus,Ericaceae,family,family_specialist
Colletes willistoni,Physalis,genus,genus_specialist
Colletes wilmattae,Dalea,genus,genus_specialist
Colletes xerophilus,Salix,genus,genus_specialist
Conanthalictus bakeri,Phacelia,genus,genus_specialist
Conanthalictus caerulescens,Phacelia,genus,genus_specialist
Conanthalictus conanthi,Nama,genus,genus_specialist
Conanthalictus cotullensis,Nama,genus,genus_specialist
Conanthalictus deserticola,Nama,genus,genus_specialist
Conanthalictus macrops,Boraginaceae,family,family_specialist
Conanthalictus mentzeliae,Mentzelia,genus,genus_specialist
Conanthalictus nigricans,Phacelia,genus,genus_specialist
Conanthalictus seminiger,Emmenanthe,genus,genus_specialist
Conanthalictus wilmattae,Phacelia,genus,genus_specialist
Diadasia afflicta,Malvaceae,family,family_specialist
Diadasia afflictula,Malvaceae,family,family_specialist
Diadasia angusticeps,Clarkia,genus,genus_specialist
Diadasia australis,Cactaceae,family,family_specialist
Diadasia bituberculata,Convolvulus,genus,genus_specialist
Diadasia consociata,Malvaceae,family,family_specialist
Diadasia diminuta,Malvaceae,family,family_specialist
Diadasia enavata,Asteraceae,family,family_specialist
Diadasia laticauda,Malvaceae,family,family_specialist
Diadasia lutzi,Malvaceae,family,family_specialist
Diadasia martialis,Sphaeralcea,genus,genus_specialist
Diadasia megamorpha,Sphaeralcea,genus,genus_specialist
Diadasia nigrifrons,Malvaceae,family,family_specialist
Diadasia nitidifrons,Malvaceae,family,family_specialist
Diadasia ochracea,Malvaceae,family,family_specialist
Diadasia opuntiae,Opuntia,genus,genus_specialist
Diadasia palmarum,Sphaeralcea,genus,genus_specialist
Diadasia piercei,Opuntia,genus,genus_specialist
Diadasia sphaeralcearum,Sphaeralcea,genus,genus_specialist
Diadasia tuberculifrons,Sphaeralcea,genus,genus_specialist
Diadasia vallicola,Sphaeralcea,genus,genus_specialist
Dianthidium cressonii,Asteraceae,family,family_specialist
Dianthidium curvatum,Asteraceae,family,family_specialist
Dianthidium parvum,Asteraceae,family,family_specialist
Dianthidium platyurum,Asteraceae,family,family_specialist
Dianthidium simile,Asteraceae,family,family_specialist
Dianthidium singulare,Asteraceae,family,family_specialist
Dianthidium subparvum,Asteraceae,family,family_specialist
Dianthidium ulkei,Asteraceae,family,family_specialist
Dieunomia bolliana,Asteraceae,family,family_specialist
Dieunomia heteropoda,Asteraceae,family,family_specialist
Dieunomia nevadensis,Asteraceae,family,family_specialist
Dieunomia triangulifera,Helianthus,genus,genus_specialist
Dufourea afasciata,Trifolium,genus,genus_specialist
Dufourea boregoensis,Camissonia,genus,genus_specialist
Dufourea calochorti,Calochortus,genus,genus_specialist
Dufourea campanulae,Campanula,genus,genus_specialist
Dufourea davidsoni,Gayophytum,genus,genus_specialist
Dufourea dentipes,Calochortus,genus,genus_specialist
Dufourea echinocacti,Cactaceae,family,family_specialist
Dufourea femorata,Gilia,genus,genus_specialist
Dufourea fimbriata,Potentilla,genus,genus_specialist
Dufourea gilia,Gilia,genus,genus_specialist
Dufourea holocyanea,Symphoricarpos,genus,genus_specialist
Dufourea latifrons,Camissonia,genus,genus_specialist
Dufourea linanthi,Linanthus,genus,genus_specialist
Dufourea macswaini,Clarkia,genus,genus_specialist
Dufourea malacothricis,Malacothrix,genus,genus_specialist
Dufourea marginata,Asteraceae,family,family_specialist
Dufourea maura,Campanula,genus,genus_specialist
Dufourea moldenkei,Hydrophyllum,genus,genus_specialist
Dufourea monardae,Monarda,genus,genus_specialist
Dufourea mulleri,Boraginaceae,family,family_specialist
Dufourea nemophilae,Boraginaceae,family,family_specialist
Dufourea novaeangliae,Pontederia,genus,genus_specialist
Dufourea nudicornis,Camissonia,genus,genus_specialist
Dufourea orovada,Camissonia,genus,genus_specialist
Dufourea pectinipes,Mimulus,genus,genus_specialist
Dufourea pulchricornis,Brassicaceae,family,family_specialist
Dufourea scintilla,Camissonia,genus,genus_specialist
Dufourea sparsipunctata,Onagraceae,family,family_specialist
Dufourea spilura,Gayophytum,genus,genus_specialist
Dufourea subdavidsoni,Gayophytum,genus,genus_specialist
Dufourea trochantera,Phacelia,genus,genus_specialist
Dufourea truncata,Camissonia,genus,genus_specialist
Dufourea tuolumne,Linanthus,genus,genus_specialist
Dufourea vanduzeei,Linanthus,genus,genus_specialist
Dufourea vandykei,Sphaeralcea,genus,genus_specialist
Dufourea versatilis,Mimulus,genus,genus_specialist
Dufourea virgata,Onagraceae,family,family_specialist
Eucera acerba,Arctostaphylos,genus,genus_specialist
Eucera amsinckiae,Amsinckia,genus,genus_specialist
Eulonchopria punctatissima,Vachellia,genus,genus_specialist
Exomalopsis solidaginis,Asteraceae,family,family_specialist
Heriades cressoni,Asteraceae,family,family_specialist
Heriades crucifera,Asteraceae,family,family_specialist
Hesperapis arenicola,Asteraceae,family,family_specialist
Hesperapis carinata,Asteraceae,family,family_specialist
Hesperapis fulvipes,Asteraceae,family,family_specialist
Hesperapis larreae,Larrea,genus,genus_specialist
Hesperapis laticeps,Loasaceae,family,family_specialist
Hesperapis leucura,Dalea,genus,genus_specialist
Hesperapis oraria,Asteraceae,family,family_specialist
Hesperapis pellucida,Eschscholzia,genus,genus_specialist
Hesperapis regularis,Clarkia,genus,genus_specialist
Hesperapis rhodocerata,Asteraceae,family,family_specialist
Hesperapis rodecki,Asteraceae,family,family_specialist
Hesperapis rufipes,Polemoniaceae,family,family_specialist
Hoplitis basingeri,Cryptantha,genus,genus_specialist
Hoplitis bunocephala,Lotus,genus,genus_specialist
Hoplitis caudex,Cryptantha,genus,genus_specialist
Hoplitis colei,Eriodictyon,genus,genus_specialist
Hoplitis cryptanthae,Cryptantha,genus,genus_specialist
Hoplitis deserticola,Cryptantha,genus,genus_specialist
Hoplitis elongaticeps,Fabaceae,family,family_specialist
Hoplitis evansi,Cryptantha,genus,genus_specialist
Hoplitis hamulicornis,Cryptantha,genus,genus_specialist
Hoplitis howardi,Lotus,genus,genus_specialist
Hoplitis incanescens,Cryptantha,genus,genus_specialist
Hoplitis jacintana,Cryptantha,genus,genus_specialist
Hoplitis micheneri,Amorpha,genus,genus_specialist
Hoplitis nigrella,Cryptantha,genus,genus_specialist
Hoplitis paroselae,Fabaceae,family,family_specialist
Hoplitis reducta,Cryptantha,genus,genus_specialist
Hoplitis remotula,Cryptantha,genus,genus_specialist
Hoplitis seminigra,Cryptantha,genus,genus_specialist
Hoplitis semirubra,Cryptantha,genus,genus_specialist
Hoplitis simplex,Boraginaceae,family,family_specialist
Hoplitis tristis,Cryptantha,genus,genus_specialist
Hoplitis xerophila,Cryptantha,genus,genus_specialist
Lasioglossum aberrans,Oenothera,genus,genus_specialist
Lasioglossum antiochense,Oenothera,genus,genus_specialist
Lasioglossum lusorium,Oenothera,genus,genus_specialist
Lasioglossum lustrans,Asteraceae,family,family_specialist
Lasioglossum noctivaga,Oenothera,genus,genus_specialist
Lasioglossum oenotherae,Oenothera,genus,genus_specialist
Lasioglossum potosi,Oenothera,genus,genus_specialist
Lasioglossum texanum,Oenothera,genus,genus_specialist
Lithurgopsis apicalis,Cactaceae,family,family_specialist
Lithurgopsis echinocacti,Cactaceae,family,family_specialist
Lithurgopsis gibbosa,Opuntia,genus,genus_specialist
Lithurgopsis listrota,Cactaceae,family,family_specialist
Lithurgopsis littoralis,Cactaceae,family,family_specialist
Lithurgopsis planifrons,Cactaceae,family,family_specialist
Macropis ciliata,Lysimachia,genus,genus_specialist
Macropis nuda,Lysimachia,genus,genus_specialist
Macropis patellata,Lysimachia,genus,genus_specialist
Macropis steironematis,Lysimachia,genus,genus_specialist
Macrotera arcuata,Sphaeralcea,genus,genus_specialist
Macrotera azteca,Opuntia,genus,genus_specialist
Macrotera haplura,Sphaeralcea,genus,genus_specialist
Macrotera latior,Malvaceae,family,family_specialist
Macrotera magniceps,Malvaceae,family,family_specialist
Macrotera mellea,Euphorbiaceae,family,family_specialist
Macrotera opuntiae,Opuntia,genus,genus_specialist
Macrotera portalis,Sphaeralcea,genus,genus_specialist
Macrotera texana,Opuntia,genus,genus_specialist
Megachile agustini,Asteraceae,family,family_specialist
Megachile alata,Asteraceae,family,family_specialist
Megachile brimleyi,Galactia,genus,genus_specialist
Megachile chilopsidis,Fabaceae,family,family_specialist
Megachile fidelis,Asteraceae,family,family_specialist
Megachile fortis,Helianthus,genus,genus_specialist
Megachile gravita,Clarkia,genus,genus_specialist
Megachile inimica,Asteraceae,family,family_specialist
Megachile integra,Fabaceae,family,family_specialist
Megachile lobatifrons,Fabaceae,family,family_specialist
Megachile manifesta,Asteraceae,family,family_specialist
Megachile melanophaea,Fabaceae,family,family_specialist
Megachile mellitarsis,Asteraceae,family,family_specialist
Megachile nevadensis,Asteraceae,family,family_specialist
Megachile newberryae,Fabaceae,family,family_specialist
Megachile odontostoma,Fabaceae,family,family_specialist
Megachile oenotherae,Oenothera,genus,genus_specialist
Megachile parallela,Asteraceae,family,family_specialist
Megachile pascoensis,Clarkia,genus,genus_specialist
Megachile prosopidis,Fabaceae,family,family_specialist
Megachile pugnata,Asteraceae,family,family_specialist
Megachile rossi,Asteraceae,family,family_specialist
Megachile soledadensis,Asteraceae,family,family_specialist
Megachile subexilis,Fabaceae,family,family_specialist
Megachile subnigra,Asteraceae,family,family_specialist
Megachile townsendiana,Asteraceae,family,family_specialist
Megachile umatillensis,Oenothera,genus,genus_specialist
Megachile wheeleri,Asteraceae,family,family_specialist
Megachile xylocopoides,Asteraceae,family,family_specialist
Megandrena enceliae,Larrea,genus,genus_specialist
Megandrena mentzeliae,Loasaceae,family,family_specialist
Melissodes apicatus,Pontederia,genus,genus_specialist
Melissodes appressus,Asteraceae,family,family_specialist
Melissodes bicoloratus,Asteraceae,family,family_specialist
Melissodes bidentis,Asteraceae,family,family_specialist
Melissodes bimatris,Asteraceae,family,family_specialist
Melissodes boltoniae,Asteraceae,family,family_specialist
Melissodes brevipyga,Asteraceae,family,family_specialist
Melissodes clarkiae,Clarkia,genus,genus_specialist
Melissodes coloradensis,Asteraceae,family,family_specialist
Melissodes compositus,Asteraceae,family,family_specialist
Melissodes confusus,Asteraceae,family,family_specialist
Melissodes coreopsis,Asteraceae,family,family_specialist
Melissodes denticulatus,Asteraceae,family,family_specialist
Melissodes dentiventris,Asteraceae,family,family_specialist
Melissodes desponsus,Asteraceae,family,family_specialist
Melissodes druriellus,Asteraceae,family,family_specialist
Melissodes fasciatellus,Asteraceae,family,family_specialist
Melissodes fimbriatus,Oenothera,genus,genus_specialist
Melissodes fumosus,Asteraceae,family,family_specialist
Melissodes gelidus,Asteraceae,family,family_specialist
Melissodes glenwoodensis,Asteraceae,family,family_specialist
Melissodes grindeliae,Asteraceae,family,family_specialist
Melissodes humilior,Asteraceae,family,family_specialist
Melissodes hurdi,Asteraceae,family,family_specialist
Melissodes hymenoxidis,Asteraceae,family,family_specialist
Melissodes illatus,Asteraceae,family,family_specialist
Melissodes intortus,Callirhoe,genus,genus_specialist
Melissodes limbus,Asteraceae,family,family_specialist
Melissodes lupinus,Asteraceae,family,family_specialist
Melissodes lustrus,Asteraceae,family,family_specialist
Melissodes lutulentus,Asteraceae,family,family_specialist
Melissodes manipularis,Asteraceae,family,family_specialist
Melissodes menuachus,Asteraceae,family,family_specialist
Melissodes micheneri,Asteraceae,family,family_specialist
Melissodes microstictus,Asteraceae,family,family_specialist
Melissodes mitchelli,Opuntia,genus,genus_specialist
Melissodes monoensis,Asteraceae,family,family_specialist
Melissodes montanus,Asteraceae,family,family_specialist
Melissodes moorei,Asteraceae,family,family_specialist
Melissodes nigracauda,Asteraceae,family,family_specialist
Melissodes niveus,Asteraceae,family,family_specialist
Melissodes ochraea,Asteraceae,family,family_specialist
Melissodes pallidisignatus,Asteraceae,family,family_specialist
Melissodes paululus,Asteraceae,family,family_specialist
Melissodes perlusus,Asteraceae,family,family_specialist
Melissodes perpolitus,Asteraceae,family,family_specialist
Melissodes personatellus,Asteraceae,family,family_specialist
Melissodes pilleatus,Asteraceae,family,family_specialist
Melissodes plumosus,Asteraceae,family,family_specialist
Melissodes pullatellus,Asteraceae,family,family_specialist
Melissodes rivalis,Asteraceae,family,family_specialist
Melissodes robusitor,Asteraceae,family,family_specialist
Melissodes rufipes,Asteraceae,family,family_specialist
Melissodes saponellus,Asteraceae,family,family_specialist
Melissodes semilupinus,Asteraceae,family,family_specialist
Melissodes snowii,Asteraceae,family,family_specialist
Melissodes subagilis,Asteraceae,family,family_specialist
Melissodes subillatus,Asteraceae,family,family_specialist
Melissodes submenuacha,Asteraceae,family,family_specialist
Melissodes tinctus,Asteraceae,family,family_specialist
Melissodes trinodis,Asteraceae,family,family_specialist
Melissodes tristis,Asteraceae,family,family_specialist
Melissodes utahensis,Asteraceae,family,family_specialist
Melissodes velutinus,Polemoniaceae,family,family_specialist
Melissodes verbesinarum,Asteraceae,family,family_specialist
Melissodes vernalis,Asteraceae,family,family_specialist
Melissodes vernoniae,Asteraceae,family,family_specialist
Melissodes wheeleri,Asteraceae,family,family_specialist
Melitoma grisella,Ipomoea,genus,genus_specialist
Melitoma marginella,Ipomoea,genus,genus_specialist
Melitoma taurea,Convolvulaceae,family,family_specialist
Melitta americana,Vaccinium,genus,genus_specialist
Melitta californica,Sphaeralcea,genus,genus_specialist
Melitta eickworti,Vaccinium,genus,genus_specialist
Melitta melittoides,Lyonia,genus,genus_specialist
Micralictoides ruficaudus,Eschscholzia,genus,genus_specialist
Osmia brevis,Penstemon,genus,genus_specialist
Osmia calaminthae,Clinopodium,genus,genus_specialist
Osmia calcarata,Fabaceae,family,family_specialist
Osmia californica,Asteraceae,family,family_specialist
Osmia chalybea,Cirsium,genus,genus_specialist
Osmia coloradensis,Asteraceae,family,family_specialist
Osmia dakotensis,Fabaceae,family,family_specialist
Osmia distincta,Penstemon,genus,genus_specialist
Osmia giliarum,Fabaceae,family,family_specialist
Osmia grinnelli,Asteraceae,family,family_specialist
Osmia integra,Fabaceae,family,family_specialist
Osmia latisulcata,Fabaceae,family,family_specialist
Osmia liogastra,Fabaceae,family,family_specialist
Osmia longula,Fabaceae,family,family_specialist
Osmia lupinicola,Fabaceae,family,family_specialist
Osmia marginipennis,Asteraceae,family,family_specialist
Osmia montana,Asteraceae,family,family_specialist
Osmia nifoata,Fabaceae,family,family_specialist
Osmia nigrifrons,Fabaceae,family,family_specialist
Osmia nigrobarbata,Fabaceae,family,family_specialist
Osmia obliqua,Fabaceae,family,family_specialist
Osmia phenax,Fabaceae,family,family_specialist
Osmia regulina,Fabaceae,family,family_specialist
Osmia sanctaerosae,Fabaceae,family,family_specialist
Osmia subaustralis,Asteraceae,family,family_specialist
Osmia texana,Cirsium,genus,genus_specialist
Osmia trifoliama,Fabaceae,family,family_specialist
Osmia virga,Vaccinium,genus,genus_specialist
Panurginus atramontensis,Vaccinium,genus,genus_specialist
Panurginus cressoniellus,Potentilla,genus,genus_specialist
Panurginus ineptus,Rosaceae,family,family_specialist
Panurginus melanocephalus,Ranunculus,genus,genus_specialist
Panurginus nigrihirtus,Ranunculus,genus,genus_specialist
Panurginus potentillae,Rosaceae,family,family_specialist
Paranthidium jugatorium,Asteraceae,family,family_specialist
Peponapis pruinosa,Cucurbita,genus,genus_specialist
Peponapis timberlakei,Cucurbita,genus,genus_specialist
Peponapis utahensis,Cucurbita,genus,genus_specialist
Perdita abdominalis,Asteraceae,family,family_specialist
Perdita adjuncta,Asteraceae,family,family_specialist
Perdita adustiventris,Mentzelia,genus,genus_specialist
Perdita affinis,Asteraceae,family,family_specialist
Perdita albihirta,Asteraceae,family,family_specialist
Perdita albipennis,Asteraceae,family,family_specialist
Perdita albonotata,Asteraceae,family,family_specialist
Perdita albovittata,Asteraceae,family,family_specialist
Perdita alexi,Asteraceae,family,family_specialist
Perdita ampla,Asteraceae,family,family_specialist
Perdita apacheorum,Asteraceae,family,family_specialist
Perdita aperta,Gutierrezia,genus,genus_specialist
Perdita aplopappi,Asteraceae,family,family_specialist
Perdita arenaria,Tiquilia,genus,genus_specialist
Perdita argemones,Argemone,genus,genus_specialist
Perdita aridella,Asteraceae,family,family_specialist
Perdita ashmeadi,Prosopis,genus,genus_specialist
Perdita asteris,Asteraceae,family,family_specialist
Perdita atrata,Mentzelia,genus,genus_specialist
Perdita aureovittata,Asteraceae,family,family_specialist
Perdita austini,Asteraceae,family,family_specialist
Perdita baccharidis,Baccharis,genus,genus_specialist
Perdita beata,Asteraceae,family,family_specialist
Perdita beatula,Sphaeralcea,genus,genus_specialist
Perdita bebbiae,Bebbia,genus,genus_specialist
Perdita bequaertiana,Oenothera,genus,genus_specialist
Perdita bicuspidariae,Mentzelia,genus,genus_specialist
Perdita biguttata,Euphorbia,genus,genus_specialist
Perdita bilobata,Calochortus,genus,genus_specialist
Perdita binotata,Physalis,genus,genus_specialist
Perdita bishoppi,Asteraceae,family,family_specialist
Perdita bispinata,Calochortus,genus,genus_specialist
Perdita blatchleyi,Asteraceae,family,family_specialist
Perdita boltoniae,Asteraceae,family,family_specialist
Perdita brevihirta,Asteraceae,family,family_specialist
Perdita bridwelli,Sphaeralcea,genus,genus_specialist
Perdita bruneri,Asteraceae,family,family_specialist
Perdita butleri,Pectis,genus,genus_specialist
Perdita californica,Calochortus,genus,genus_specialist
Perdita callicerata,Asteraceae,family,family_specialist
Perdita calochorti,Calochortus,genus,genus_specialist
Perdita cambarella,Asteraceae,family,family_specialist
Perdita celadona,Onagraceae,family,family_specialist
Perdita cephalotes,Asteraceae,family,family_specialist
Perdita chamaesarachae,Chamaesaracha,genus,genus_specialist
Perdita chloris,Psorothamnus,genus,genus_specialist
Perdita chrysophila,Asteraceae,family,family_specialist
Perdita chrysothamni,Asteraceae,family,family_specialist
Perdita ciliata,Asteraceae,family,family_specialist
Perdita cladothricis,Tidestromia,genus,genus_specialist
Perdita claypolei,Eriogonum,genus,genus_specialist
Perdita clypeata,Eriogonum,genus,genus_specialist
Perdita coalingensis,Eschscholzia,genus,genus_specialist
Perdita colei,Asteraceae,family,family_specialist
Perdita compta,Eriastrum,genus,genus_specialist
Perdita confusa,Lepidium,genus,genus_specialist
Perdita consobrina,Asteraceae,family,family_specialist
Perdita coreopsidis,Asteraceae,family,family_specialist
Perdita covilleae,Larrea,genus,genus_specialist
Perdita crandalli,Petalonyx,genus,genus_specialist
Perdita crassula,Euphorbia,genus,genus_specialist
Perdita croceipes,Asteraceae,family,family_specialist
Perdita crotonis,Croton,genus,genus_specialist
Perdita cruciferarum,Brassicaceae,family,family_specialist
Perdita cuspidata,Nama,genus,genus_specialist
Perdita dalyi,Helianthus,genus,genus_specialist
Perdita dammersi,Asteraceae,family,family_specialist
Perdita dentata,Phacelia,genus,genus_specialist
Perdita depressa,Cleome,genus,genus_specialist
Perdita desdemona,Tiquilia,genus,genus_specialist
Perdita dicksoni,Asteraceae,family,family_specialist
Perdita difficilis,Prosopis,genus,genus_specialist
Perdita discreta,Asteraceae,family,family_specialist
Perdita distans,Eriogonum,genus,genus_specialist
Perdita dolanensis,Salvia,genus,genus_specialist
Perdita dolichocephala,Asteraceae,family,family_specialist
Perdita drymariae,Tidestromia,genus,genus_specialist
Perdita dubia,Asteraceae,family,family_specialist
Perdita elegans,Palafoxia,genus,genus_specialist
Perdita eremophila,Phacelia,genus,genus_specialist
Perdita eriastri,Eriastrum,genus,genus_specialist
Perdita ericameriae,Asteraceae,family,family_specialist
Perdita erythropyga,Fabaceae,family,family_specialist
Perdita euphorbiae,Euphorbia,genus,genus_specialist
Perdita exclamans,Fabaceae,family,family_specialist
Perdita exilis,Petalonyx,genus,genus_specialist
Perdita exusta,Tiquilia,genus,genus_specialist
Perdita fallax,Asteraceae,family,family_specialist
Perdita festiva,Asteraceae,family,family_specialist
Perdita flavifrons,Asteraceae,family,family_specialist
Perdita floridensis,Ilex,genus,genus_specialist
Perdita florissantella,Lepidium,genus,genus_specialist
Perdita foleyi,Asteraceae,family,family_specialist
Perdita foveata,Asteraceae,family,family_specialist
Perdita frontalis,Tiquilia,genus,genus_specialist
Perdita genalis,Fabaceae,family,family_specialist
Perdita gentilis,Eriogonum,genus,genus_specialist
Perdita georgica,Asteraceae,family,family_specialist
Perdita gerardiae,Agalinis,genus,genus_specialist
Perdita gerhardi,Monarda,genus,genus_specialist
Perdita giliae,Gilia,genus,genus_specialist
Perdita graenicheri,Asteraceae,family,family_specialist
Perdita gutierreziae,Asteraceae,family,family_specialist
Perdita halictoides,Physalis,genus,genus_specialist
Perdita heliophila,Asteraceae,family,family_specialist
Perdita heterothecae,Asteraceae,family,family_specialist
Perdita hippolyta,Tiquilia,genus,genus_specialist
Perdita hirsuta,Fabaceae,family,family_specialist
Perdita hirticeps,Asteraceae,family,family_specialist
Perdita holoxantha,Mentzelia,genus,genus_specialist
Perdita hooki,Tiquilia,genus,genus_specialist
Perdita hurdi,Pedaliaceae,family,family_specialist
Perdita idonea,Gutierrezia,genus,genus_specialist
Perdita ignota,Asteraceae,family,family_specialist
Perdita imbellis,Asteraceae,family,family_specialist
Perdita indioensis,Asteraceae,family,family_specialist
Perdita innotata,Prosopis,genus,genus_specialist
Perdita interrupta,Eschscholzia,genus,genus_specialist
Perdita interserta,Asteraceae,family,family_specialist
Perdita irregularis,Ericameria,genus,genus_specialist
Perdita isocomae,Asteraceae,family,family_specialist
Perdita jucunda,Eriogonum,genus,genus_specialist
Perdita kiowi,Mentzelia,genus,genus_specialist
Perdita knowltoni,Chrysothamnus,genus,genus_specialist
Perdita koebelei,Loasaceae,family,family_specialist
Perdita labergei,Euphorbia,genus,genus_specialist
Perdita labrata,Eriogonum,genus,genus_specialist
Perdita larreae,Larrea,genus,genus_specialist
Perdita lasiogastra,Pectis,genus,genus_specialist
Perdita lateralis,Larrea,genus,genus_specialist
Perdita laticincta,Asteraceae,family,family_specialist
Perdita layiae,Layia,genus,genus_specialist
Perdita lenis,Solanaceae,family,family_specialist
Perdita lepachidis,Asteraceae,family,family_specialist
Perdita lepidosparti,Asteraceae,family,family_specialist
Perdita leucostoma,Calochortus,genus,genus_specialist
Perdita lingualis,Asteraceae,family,family_specialist
Perdita lucens,Eriogonum,genus,genus_specialist
Perdita luciae,Fabaceae,family,family_specialist
Perdita luculenta,Asteraceae,family,family_specialist
Perdita lunulata,Mentzelia,genus,genus_specialist
Perdita luteola,Asteraceae,family,family_specialist
Perdita lycii,Lycium,genus,genus_specialist
Perdita maculigera,Salix,genus,genus_specialist
Perdita maculosa,Tiquilia,genus,genus_specialist
Perdita malacothricis,Asteraceae,family,family_specialist
Perdita mandibularis,Asteraceae,family,family_specialist
Perdita meconis,Papaveraceae,family,family_specialist
Perdita media,Asteraceae,family,family_specialist
Perdita melanochlora,Asteraceae,family,family_specialist
Perdita melanostoma,Asteraceae,family,family_specialist
Perdita mentzeliae,Mentzelia,genus,genus_specialist
Perdita mentzeliarum,Mentzelia,genus,genus_specialist
Perdita mesillensis,Asteraceae,family,family_specialist
Perdita mimula,Asteraceae,family,family_specialist
Perdita minima,Euphorbiaceae,family,family_specialist
Perdita mohavensis,Papaveraceae,family,family_specialist
Perdita mucronata,Eschscholzia,genus,genus_specialist
Perdita multiflorae,Mentzelia,genus,genus_specialist
Perdita munda,Asteraceae,family,family_specialist
Perdita munita,Chamaesaracha,genus,genus_specialist
Perdita namatophila,Phacelia,genus,genus_specialist
Perdita nanula,Euphorbia,genus,genus_specialist
Perdita nasuta,Eriogonum,genus,genus_specialist
Perdita navarretiae,Polemoniaceae,family,family_specialist
Perdita nevadensis,Eriogonum,genus,genus_specialist
Perdita nigridia,Mentzelia,genus,genus_specialist
Perdita nigriventris,Euphorbia,genus,genus_specialist
Perdita nigrocaerulea,Scutellaria,genus,genus_specialist
Perdita nitens,Eschscholzia,genus,genus_specialist
Perdita novaeangliae,Lyonia,genus,genus_specialist
Perdita nubila,Asteraceae,family,family_specialist
Perdita nuda,Asteraceae,family,family_specialist
Perdita numerata,Fabaceae,family,family_specialist
Perdita nuttalliae,Tiquilia,genus,genus_specialist
Perdita obscurella,Euphorbiaceae,family,family_specialist
Perdita octomaculata,Asteraceae,family,family_specialist
Perdita optiva,Tiquilia,genus,genus_specialist
Perdita oregonensis,Asteraceae,family,family_specialist
Perdita pachygnatha,Chrysothamnus,genus,genus_specialist
Perdita pallida,Oenothera,genus,genus_specialist
Perdita pallidipes,Prosopis,genus,genus_specialist
Perdita pectoralis,Eriogonum,genus,genus_specialist
Perdita peculiaris,Chamaesaracha,genus,genus_specialist
Perdita pedernalensis,Rubiaceae,family,family_specialist
Perdita pelargoides,Polemoniaceae,family,family_specialist
Perdita percincta,Gutierrezia,genus,genus_specialist
Perdita perplexa,Mentzelia,genus,genus_specialist
Perdita perpulchra,Asteraceae,family,family_specialist
Perdita phymatae,Asteraceae,family,family_specialist
Perdita physalidis,Physalis,genus,genus_specialist
Perdita pilonotata,Tiquilia,genus,genus_specialist
Perdita plucheae,Pluchea,genus,genus_specialist
Perdita polita,Asteraceae,family,family_specialist
Perdita polycarpae,Euphorbiaceae,family,family_specialist
Perdita polygonellae,Polygonella,genus,genus_specialist
Perdita pratti,Asteraceae,family,family_specialist
Perdita prionopsidis,Asteraceae,family,family_specialist
Perdita prodigiosa,Tiquilia,genus,genus_specialist
Perdita propinqua,Polemoniaceae,family,family_specialist
Perdita prosopidis,Prosopis,genus,genus_specialist
Perdita proxima,Asteraceae,family,family_specialist
Perdita punctifera,Mentzelia,genus,genus_specialist
Perdita punctifrons,Asteraceae,family,family_specialist
Perdita punctosignata,Fabaceae,family,family_specialist
Perdita punctulata,Larrea,genus,genus_specialist
Perdita purpurascens,Asteraceae,family,family_specialist
Perdita pyrifera,Fabaceae,family,family_specialist
Perdita rectangulata,Asteraceae,family,family_specialist
Perdita repens,Ericameria,genus,genus_specialist
Perdita reperta,Asteraceae,family,family_specialist
Perdita retusa,Ericameria,genus,genus_specialist
Perdita rhodura,Asteraceae,family,family_specialist
Perdita rhois,Eriogonum,genus,genus_specialist
Perdita rhondae,Camissonia,genus,genus_specialist
Perdita rivalis,Asteraceae,family,family_specialist
Perdita robustula,Papaveraceae,family,family_specialist
Perdita salicis,Salix,genus,genus_specialist
Perdita salviae,Salvia,genus,genus_specialist
Perdita scitula,Asteraceae,family,family_specialist
Perdita scotti,Ericameria,genus,genus_specialist
Perdita semicaerulea,Larrea,genus,genus_specialist
Perdita semicrocea,Asteraceae,family,family_specialist
Perdita semilutea,Eriogonum,genus,genus_specialist
Perdita sexfasciata,Tiquilia,genus,genus_specialist
Perdita shinnersi,Asteraceae,family,family_specialist
Perdita similis,Asteraceae,family,family_specialist
Perdita snellingi,Asteraceae,family,family_specialist
Perdita snowii,Asteraceae,family,family_specialist
Perdita sonorensis,Prosopis,genus,genus_specialist
Perdita sphaeralceae,Sphaeralcea,genus,genus_specialist
Perdita stathamae,Fabaceae,family,family_specialist
Perdita stephanomeriae,Stephanomeria,genus,genus_specialist
Perdita stottleri,Asteraceae,family,family_specialist
Perdita subfasciata,Asteraceae,family,family_specialist
Perdita subvestita,Asteraceae,family,family_specialist
Perdita swenki,Asteraceae,family,family_specialist
Perdita swezeyi,Asteraceae,family,family_specialist
Perdita sycorax,Tiquilia,genus,genus_specialist
Perdita taeniata,Ericameria,genus,genus_specialist
Perdita thelypodii,Cleome,genus,genus_specialist
Perdita thermophila,Eriogonum,genus,genus_specialist
Perdita timberlakei,Eriogonum,genus,genus_specialist
Perdita titania,Tiquilia,genus,genus_specialist
Perdita tortifoliae,Lepidium,genus,genus_specialist
Perdita townsendi,Asteraceae,family,family_specialist
Perdita translineata,Asteraceae,family,family_specialist
Perdita triangulifera,Fabaceae,family,family_specialist
Perdita tridentata,Helianthus,genus,genus_specialist
Perdita trifida,Isocoma,genus,genus_specialist
Perdita trimaculata,Asteraceae,family,family_specialist
Perdita trinotata,Physaria,genus,genus_specialist
Perdita trisignata,Fabaceae,family,family_specialist
Perdita tularensis,Calochortus,genus,genus_specialist
Perdita utahensis,Asteraceae,family,family_specialist
Perdita ute,Argemone,genus,genus_specialist
Perdita vandykei,Malacothrix,genus,genus_specialist
Perdita variegata,Monarda,genus,genus_specialist
Perdita varleyi,Eriogonum,genus,genus_specialist
Perdita verbesinae,Asteraceae,family,family_specialist
Perdita vesca,Tiquilia,genus,genus_specialist
Perdita vespertina,Camissonia,genus,genus_specialist
Perdita vittata,Capparaceae,family,family_specialist
Perdita wasbaueri,Tiquilia,genus,genus_specialist
Perdita wilmattae,Capparaceae,family,family_specialist
Perdita wootonae,Mentzelia,genus,genus_specialist
Perdita xanthismae,Asteraceae,family,family_specialist
Perdita xanthochroa,Sphaeralcea,genus,genus_specialist
Perdita xanthodes,Asteraceae,family,family_specialist
Perdita xerophila,Eriogonum,genus,genus_specialist
Perdita yanegai,Tiquilia,genus,genus_specialist
Perdita yosemitensis,Eriogonum,genus,genus_specialist
Perdita zebrata,Capparaceae,family,family_specialist
Protandrena abdominalis,Monarda,genus,genus_specialist
Protandrena tidestromiae,Tidestromia,genus,genus_specialist
Protandrena verbesinae,Asteraceae,family,family_specialist
Protodufourea eickworti,Phacelia,genus,genus_specialist
Protodufourea koso,Phacelia,genus,genus_specialist
Protodufourea parca,Phacelia,genus,genus_specialist
Protodufourea wasbaueri,Emmenanthe,genus,genus_specialist
Protodufourea zavortinki,Phacelia,genus,genus_specialist
Pseudopanurgus aestivalis,Asteraceae,family,family_specialist
Pseudopanurgus aethiops,Asteraceae,family,family_specialist
Pseudopanurgus albitarsis,Asteraceae,family,family_specialist
Pseudopanurgus andrenoides,Asteraceae,family,family_specialist
Pseudopanurgus atricornis,Asteraceae,family,family_specialist
Pseudopanurgus barberi,Asteraceae,family,family_specialist
Pseudopanurgus boylei,Asteraceae,family,family_specialist
Pseudopanurgus citripes,Asteraceae,family,family_specialist
Pseudopanurgus compositarum,Asteraceae,family,family_specialist
Pseudopanurgus dicksoni,Asteraceae,family,family_specialist
Pseudopanurgus didirupa,Asteraceae,family,family_specialist
Pseudopanurgus fraterculus,Asteraceae,family,family_specialist
Pseudopanurgus helianthi,Asteraceae,family,family_specialist
Pseudopanurgus illinoiensis,Asteraceae,family,family_specialist
Pseudopanurgus illustris,Asteraceae,family,family_specialist
Pseudopanurgus innuptus,Asteraceae,family,family_specialist
Pseudopanurgus irregularis,Grindelia,genus,genus_specialist
Pseudopanurgus labrosiformis,Asteraceae,family,family_specialist
Pseudopanurgus labrosus,Asteraceae,family,family_specialist
Pseudopanurgus leucopterus,Asteraceae,family,family_specialist
Pseudopanurgus nanulus,Euphorbia,genus,genus_specialist
Pseudopanurgus occiduus,Asteraceae,family,family_specialist
Pseudopanurgus passiflorae,Passiflora,genus,genus_specialist
Pseudopanurgus pauper,Ceanothus,genus,genus_specialist
Pseudopanurgus pectidellus,Asteraceae,family,family_specialist
Pseudopanurgus pectiphilus,Asteraceae,family,family_specialist
Pseudopanurgus perarmatus,Asteraceae,family,family_specialist
Pseudopanurgus perpunctatus,Asteraceae,family,family_specialist
Pseudopanurgus piercei,Asteraceae,family,family_specialist
Pseudopanurgus porterae,Asteraceae,family,family_specialist
Pseudopanurgus renimaculatus,Asteraceae,family,family_specialist
Pseudopanurgus rugosus,Asteraceae,family,family_specialist
Pseudopanurgus simulans,Asteraceae,family,family_specialist
Pseudopanurgus solidaginis,Asteraceae,family,family_specialist
Pseudopanurgus verticalis,Asteraceae,family,family_specialist
Ptilothrix bombiformis,Hibiscus,genus,genus_specialist
Sphecodosoma beameri,Nama,genus,genus_specialist
Sphecodosoma dicksoni,Nama,genus,genus_specialist
Svastra aegis,Asteraceae,family,family_specialist
Svastra compta,Oenothera,genus,genus_specialist
Svastra duplocincta,Ferocactus,genus,genus_specialist
Svastra helianthelli,Asteraceae,family,family_specialist
Svastra machaerantherae,Asteraceae,family,family_specialist
Svastra obliqua,Asteraceae,family,family_specialist
Svastra petulca,Asteraceae,family,family_specialist
Svastra sabinensis,Asteraceae,family,family_specialist
Svastra sila,Psilostrophe,genus,genus_specialist
Svastra texana,Asteraceae,family,family_specialist
Syntrichalonia exquisita,Asteraceae,family,family_specialist
Tetraloniella fasciatella,Salvia,genus,genus_specialist
Tetraloniella lippiae,Sphaeralcea,genus,genus_specialist
Trachusa bequaerti,Dalea,genus,genus_specialist
Trachusa dorsalis,Strophostyles,genus,genus_specialist
Trachusa larreae,Larrea,genus,genus_specialist
Trachusa zebrata,Asteraceae,family,family_specialist
Xenoglossa angustior,Cucurbita,genus,genus_specialist
Xenoglossa gabbii,Cucurbita,genus,genus_specialist
Xenoglossa mustelina,Cucurbita,genus,genus_specialist
Xenoglossa patricia,Cucurbita,genus,genus_specialist
Xenoglossa strenua,Cucurbita,genus,genus_specialist
Xeralictus bicuspidariae,Mentzelia,genus,genus_specialist
Xeralictus timberlakei,Mentzelia,genus,genus_specialist